Date,Open,High,Low,Close,Volume,Dividends,Stock Splits
2024-05-15 00:00:00+02:00,153.18255206109754,153.9123533085367,152.60638315608813,153.6434783935547,596561,0.0,0.0
2024-05-16 00:00:00+02:00,153.3553976352371,153.52825417193742,151.72293856849797,152.64480590820312,486353,0.0,0.0
2024-05-17 00:00:00+02:00,151.838166491242,153.02890875240612,151.56929156978305,152.64480590820312,650935,0.0,0.0
2024-05-20 00:00:00+02:00,152.99050698374953,155.00706892968356,152.62559901861573,154.546142578125,423939,0.0,0.0
2024-05-21 00:00:00+02:00,154.83423368465156,155.44880706395514,152.85606142532632,154.9302520751953,586277,0.0,0.0
2024-05-22 00:00:00+02:00,155.56402860204943,156.00576006867394,154.008393004856,154.027587890625,484633,0.0,0.0
2024-05-23 00:00:00+02:00,154.12360887015515,155.4295789769028,153.5858590590091,154.87261962890625,659453,0.0,0.0
2024-05-24 00:00:00+02:00,153.93155964541978,154.0467875629922,152.1262441230059,152.79843139648438,880872,0.0,0.0
2024-05-27 00:00:00+02:00,152.68320751483367,153.12493896484375,151.9534062632779,153.12493896484375,449470,0.0,0.0
2024-05-28 00:00:00+02:00,153.35540048224797,154.12362083750008,151.47327599709405,152.1646728515625,541144,0.0,0.0
2024-05-29 00:00:00+02:00,151.5692906295793,151.8381655493704,150.09047857072835,150.51300048828125,699281,0.0,0.0
2024-05-30 00:00:00+02:00,149.93682511403145,153.70108848153495,149.80238765992715,152.77923583984375,720517,0.0,0.0
2024-05-31 00:00:00+02:00,153.00969702547306,153.39381451676516,148.28516177696062,149.70635986328125,1980687,0.0,0.0
2024-06-03 00:00:00+02:00,150.93550414355232,151.47326862285777,148.55403434553497,149.1302032470703,824743,0.0,0.0
2024-06-04 00:00:00+02:00,148.4964235178228,149.61034226957332,146.23018159128185,146.5374755859375,1307181,0.0,0.0
2024-06-05 00:00:00+02:00,147.38250584567265,148.18914526126045,146.61428550599032,147.09442138671875,1013855,0.0,0.0
2024-06-06 00:00:00+02:00,147.67057906032687,148.2467479343626,146.5566603852355,147.42091369628906,759232,0.0,0.0
2024-06-07 00:00:00+02:00,146.92158691406252,147.0560243813445,142.83083427883685,144.040771484375,1351369,0.0,0.0
2024-06-10 00:00:00+02:00,142.0049857307061,143.522216796875,140.77583910920433,143.522216796875,1097412,0.0,0.0
2024-06-11 00:00:00+02:00,144.04076470269098,144.63612850796846,141.27517733157234,142.60035705566406,975649,0.0,0.0
2024-06-12 00:00:00+02:00,143.36857927508274,143.96394308815545,142.2546604968436,143.4261932373047,768246,0.0,0.0
2024-06-13 00:00:00+02:00,143.08048058695894,143.36856502201303,140.0076141357422,140.0076141357422,1381745,0.0,0.0
2024-06-14 00:00:00+02:00,139.81557529966057,140.02683626085425,136.1089256886046,138.10629272460938,1550146,0.0,0.0
2024-06-17 00:00:00+02:00,139.0665519903096,140.0076141357422,137.1652035105023,140.0076141357422,1150087,0.0,0.0
2024-06-18 00:00:00+02:00,141.81293642558836,142.50433331346662,140.44935218910217,142.23545837402344,1115394,0.0,0.0
2024-06-19 00:00:00+02:00,142.60035665381795,142.86923157496523,141.75531281444987,142.06260681152344,563567,0.0,0.0
2024-06-20 00:00:00+02:00,142.42751409720046,143.04208743586065,141.87055471957333,142.8500213623047,825723,0.0,0.0
2024-06-21 00:00:00+02:00,142.96526952760905,143.17653049471463,141.678494186352,142.67718505859375,1930361,0.0,0.0
2024-06-24 00:00:00+02:00,142.65797121700103,143.46459598384598,142.12022137243773,142.86923217773438,901064,0.0,0.0
2024-06-25 00:00:00+02:00,129.63669126322804,131.40358783493616,124.79692790320476,129.42543029785156,8026551,0.0,0.0
2024-06-26 00:00:00+02:00,129.7711319555545,131.9221460871768,123.97109666411255,125.77639770507812,3087889,0.0,0.0
2024-06-27 00:00:00+02:00,126.7558756090989,127.21680196313555,124.72010411390104,125.44990539550781,1535124,0.0,0.0
2024-06-28 00:00:00+02:00,125.43069355605529,125.43069355605529,122.47306208074966,123.1644515991211,2179598,0.0,0.0
2024-07-01 00:00:00+02:00,126.12209466772978,127.42806490154686,125.21943683151409,126.4101791381836,1469971,0.0,0.0
2024-07-02 00:00:00+02:00,124.83533224079729,126.85190885341325,124.68168523834214,126.6406478881836,1263918,0.0,0.0
2024-07-03 00:00:00+02:00,127.29362336817444,130.69299363625416,126.89031098346037,130.4433135986328,1542202,0.0,0.0
2024-07-04 00:00:00+02:00,131.46119885450366,131.82610681427224,129.96317724452535,130.6929931640625,747860,0.0,0.0
2024-07-05 00:00:00+02:00,131.55722628175283,132.65193546178963,130.7506015496381,130.86582946777344,932154,0.0,0.0
2024-07-08 00:00:00+02:00,130.0976214190418,131.80690407787085,129.63669505047503,130.2896728515625,780603,0.0,0.0
2024-07-09 00:00:00+02:00,130.15522102155464,130.2128496322784,126.60221862792969,126.60221862792969,1305788,0.0,0.0
2024-07-10 00:00:00+02:00,126.64064256342986,128.9260793553715,125.81480827568745,128.0042266845703,781693,0.0,0.0
2024-07-11 00:00:00+02:00,128.1386740828505,128.33072551644986,126.71747589111328,126.71747589111328,1040015,0.0,0.0
2024-07-12 00:00:00+02:00,127.58169278534493,128.25388001393927,126.54459763869254,128.06182861328125,1256030,0.0,0.0
2024-07-15 00:00:00+02:00,127.71614074707031,128.8492543610597,127.17839091991712,127.71614074707031,816752,0.0,0.0
2024-07-16 00:00:00+02:00,127.58170329028202,128.0234347354915,126.71746458986921,127.71614074707031,724663,0.0,0.0
2024-07-17 00:00:00+02:00,127.81218398729216,128.13867288662163,126.10290133482023,126.83270263671875,1252265,0.0,0.0
2024-07-18 00:00:00+02:00,127.71615336528103,128.10025623617256,125.68038177490234,125.68038177490234,1113222,0.0,0.0
2024-07-19 00:00:00+02:00,126.19891193054839,127.48567256202644,125.60354813294178,126.5638198852539,1217957,0.0,0.0
2024-07-22 00:00:00+02:00,127.10156583446386,128.06183755740403,126.35255506277721,127.29361724853516,668506,0.0,0.0
2024-07-23 00:00:00+02:00,127.06317196240221,127.69694021619924,125.3922937508276,126.94792938232422,866254,0.0,0.0
2024-07-24 00:00:00+02:00,126.21812379361985,126.9671346020155,125.1618189855827,125.4114990234375,1169633,0.0,0.0
2024-07-25 00:00:00+02:00,124.41280893705611,124.41280893705611,121.62802664807244,123.83665466308594,1769178,0.0,0.0
2024-07-26 00:00:00+02:00,123.68300776273898,125.75719831691826,123.24127629834388,125.69956970214844,1307519,0.0,0.0
2024-07-29 00:00:00+02:00,126.5446143489649,127.27441562886895,124.47042378176234,125.04659271240234,980772,0.0,0.0
2024-07-30 00:00:00+02:00,125.56512844508548,128.27310180664062,124.95055511270604,128.27310180664062,1000725,0.0,0.0
2024-07-31 00:00:00+02:00,134.43804736787536,137.53012362954325,132.44068033438538,134.39964294433594,2747098,0.0,0.0
2024-08-01 00:00:00+02:00,133.36254855870072,133.842684445329,128.59959411621094,128.59959411621094,1328651,0.0,0.0
2024-08-02 00:00:00+02:00,127.44726567031283,129.90555896419923,126.58302697100659,126.65983581542969,1337471,0.0,0.0
2024-08-05 00:00:00+02:00,123.91345703840555,126.04526144168715,123.29888372005487,125.31546020507812,1661849,0.0,0.0
2024-08-06 00:00:00+02:00,126.98634902504887,128.7340360943406,126.04527210438374,127.75455474853516,1599840,0.0,0.0
2024-08-07 00:00:00+02:00,127.63932934608927,130.75061533707665,127.46648745066037,130.5777587890625,1331096,0.0,0.0
2024-08-08 00:00:00+02:00,128.73403130367726,129.67509353673708,127.8505830324764,129.11814880371094,897446,0.0,0.0
2024-08-09 00:00:00+02:00,129.29100018762486,130.50093743330385,128.54198932326375,129.02212524414062,568947,0.0,0.0
2024-08-12 00:00:00+02:00,129.38701493202365,129.88634566924753,128.0618352890127,128.44593811035156,521011,0.0,0.0
2024-08-13 00:00:00+02:00,129.42543637931743,129.54066431036088,128.29232265049578,129.00291442871094,451388,0.0,0.0
2024-08-14 00:00:00+02:00,129.92476924986263,129.92476924986263,128.8300600532309,129.31019592285156,545779,0.0,0.0
2024-08-15 00:00:00+02:00,129.61747815469906,131.48040771484375,128.54197847155746,131.48040771484375,679925,0.0,0.0
2024-08-16 00:00:00+02:00,131.96055171597493,132.15260314941406,130.8850519666476,132.15260314941406,787722,0.0,0.0
2024-08-19 00:00:00+02:00,131.46119551851424,133.05525012563876,130.63536123492068,133.016845703125,521201,0.0,0.0
2024-08-20 00:00:00+02:00,133.47778478693837,133.9195162772557,132.9784393310547,132.9784393310547,838481,0.0,0.0
2024-08-21 00:00:00+02:00,132.82479596722916,133.5738067626953,132.5559063958923,133.5738067626953,582196,0.0,0.0
2024-08-22 00:00:00+02:00,133.765845910463,134.39962872619822,133.11285355869813,133.36253356933594,479863,0.0,0.0
2024-08-23 00:00:00+02:00,133.82347461565578,135.49435277241324,133.74665111565247,135.20626831054688,1044758,0.0,0.0
2024-08-26 00:00:00+02:00,135.26387046108698,135.89765329133385,134.5724736740146,135.53274536132812,366350,0.0,0.0
2024-08-27 00:00:00+02:00,135.7632309336842,136.3778042957822,135.20627153481655,135.26388549804688,676234,0.0,0.0
2024-08-28 00:00:00+02:00,135.7056169704539,136.8579401928145,135.18706199621153,135.26388549804688,696436,0.0,0.0
2024-08-29 00:00:00+02:00,135.37911195135513,136.39699769757377,134.78374813434075,134.97579956054688,759692,0.0,0.0
2024-08-30 00:00:00+02:00,134.57248273387128,135.35991260372063,133.304931640625,133.304931640625,1306668,0.0,0.0
2024-09-02 00:00:00+02:00,133.32412773705113,133.59300265783654,130.73139691371526,131.48040771484375,841412,0.0,0.0
2024-09-03 00:00:00+02:00,131.36516967878504,132.21019879937413,128.73401998214274,129.1949462890625,1125541,0.0,0.0
2024-09-04 00:00:00+02:00,126.83269418519657,128.9837081748166,126.77508022475226,128.27310180664062,1069060,0.0,0.0
2024-09-05 00:00:00+02:00,127.54329792210805,127.90819121492218,125.73798238498227,126.5062026977539,1107690,0.0,0.0
2024-09-06 00:00:00+02:00,126.00685928115833,127.02474498426425,123.24127197265625,123.24127197265625,1524619,0.0,0.0
2024-09-09 00:00:00+02:00,124.08631049713104,125.44989455557845,123.45252765722942,124.60485076904297,1029445,0.0,0.0
2024-09-10 00:00:00+02:00,124.54724427004989,126.10289448411493,124.18235096521644,125.25785064697266,948445,0.0,0.0
2024-09-11 00:00:00+02:00,125.37308160189222,126.02607403345654,123.70221807768841,125.04659271240234,1099145,0.0,0.0
2024-09-12 00:00:00+02:00,125.71877452742181,126.33334785533366,123.79823104612436,125.35386657714844,1143348,0.0,0.0
2024-09-13 00:00:00+02:00,125.50751161970327,125.73798210880365,124.4320119757355,125.31546020507812,1022194,0.0,0.0
2024-09-16 00:00:00+02:00,124.54724100225167,125.71877369024848,124.23996166663392,124.27836608886719,737384,0.0,0.0
2024-09-17 00:00:00+02:00,124.83532694296069,125.85321264900523,123.72140820131104,124.56645202636719,986925,0.0,0.0
2024-09-18 00:00:00+02:00,124.35518906104156,125.18102333511786,123.4717408275666,123.6061782836914,970965,0.0,0.0
2024-09-19 00:00:00+02:00,125.06579013973001,128.19627057317882,124.50883080140173,128.13865661621094,1214582,0.0,0.0
2024-09-20 00:00:00+02:00,128.29231192781359,128.58038173134537,125.5651290161786,125.64195251464844,2148326,0.0,0.0
2024-09-23 00:00:00+02:00,126.27574504531266,127.81218582705017,125.71878562824743,127.65853881835938,981964,0.0,0.0
2024-09-24 00:00:00+02:00,129.15654786065375,129.57906976684177,128.34992312297683,129.5598602294922,831978,0.0,0.0
2024-09-25 00:00:00+02:00,128.54198750674948,128.8684764117114,127.77376711368561,128.1962890625,1063446,0.0,0.0
2024-09-26 00:00:00+02:00,129.31020844827395,130.02080022648911,128.23469403238872,129.00291442871094,1010118,0.0,0.0
2024-09-27 00:00:00+02:00,128.56119978193314,129.2717915722564,127.21681040231525,128.5035858154297,1622578,0.0,0.0
2024-09-30 00:00:00+02:00,128.13867101798735,128.21549452010663,126.00686645507812,126.00686645507812,1416305,0.0,0.0
2024-10-01 00:00:00+02:00,126.41017908571531,127.63932581672888,123.18366525365848,123.62539672851562,1423798,0.0,0.0
2024-10-02 00:00:00+02:00,123.58697607600574,124.12472593239758,122.14656839527704,122.281005859375,1861096,0.0,0.0
2024-10-03 00:00:00+02:00,122.22338688185877,122.70352275573552,120.72536529977675,121.53199005126953,1739994,0.0,0.0
2024-10-04 00:00:00+02:00,121.26312293381748,122.47306746517297,120.5717260587572,121.80087280273438,1519047,0.0,0.0
2024-10-07 00:00:00+02:00,122.51147225581907,122.91478463459123,120.6677522446103,122.338623046875,859831,0.0,0.0
2024-10-08 00:00:00+02:00,121.35913623491116,121.87768383816082,119.76508900384742,121.32072448730469,1118793,0.0,0.0
2024-10-09 00:00:00+02:00,121.41676527571016,122.37703704833984,120.18761857895093,122.37703704833984,1308104,0.0,0.0
2024-10-10 00:00:00+02:00,121.05185230530283,123.79823004750796,120.97503613465247,122.81875610351562,892814,0.0,0.0
2024-10-11 00:00:00+02:00,122.66510503969342,128.15786766814975,121.24390702487517,127.63931274414062,2374608,0.0,0.0
2024-10-14 00:00:00+02:00,128.1770774211315,129.94398869197695,126.85191228372868,129.75192260742188,1002500,0.0,0.0
2024-10-15 00:00:00+02:00,130.59697137302246,131.6916806940164,129.9439935493984,130.3665008544922,1876035,0.0,0.0
2024-10-16 00:00:00+02:00,129.82873209730232,131.36517269239272,129.36780577980858,130.5585479736328,1367862,0.0,0.0
2024-10-17 00:00:00+02:00,132.15259370363324,136.80032011513492,131.90292832326602,135.6864013671875,1678933,0.0,0.0
2024-10-18 00:00:00+02:00,135.12945228001067,135.6287977313421,134.01553344726562,134.01553344726562,1361131,0.0,0.0
2024-10-21 00:00:00+02:00,133.47777419497356,134.3804319907775,132.6903443211585,133.32412719726562,901298,0.0,0.0
2024-10-22 00:00:00+02:00,132.7095499202158,136.6466698672696,132.09497660020867,135.6287841796875,1597799,0.0,0.0
2024-10-23 00:00:00+02:00,134.8029612668809,136.03210801047345,134.47645771578215,135.5711669921875,953149,0.0,0.0
2024-10-24 00:00:00+02:00,135.97449081200938,136.41620762829538,135.24467487670873,135.5135498046875,871044,0.0,0.0
2024-10-25 00:00:00+02:00,134.86056713469145,135.6671918893888,134.39964079666214,134.8989715576172,715481,0.0,0.0
2024-10-28 00:00:00+01:00,135.32150647061434,136.07051733657497,133.01685990651782,134.3228302001953,974153,0.0,0.0
2024-10-29 00:00:00+01:00,135.72481343118247,136.4738242670363,133.45857138479315,134.76454162597656,1120187,0.0,0.0
2024-10-30 00:00:00+01:00,134.47643953272308,134.84134745971264,131.96053242158368,134.18836975097656,1013455,0.0,0.0
2024-10-31 00:00:00+01:00,139.2394017501012,139.2394017501012,134.59169006347656,134.59169006347656,1995324,0.0,0.0
2024-11-01 00:00:00+01:00,133.82345826634935,137.35725091927006,133.5929877944961,135.97447204589844,1058909,0.0,0.0
2024-11-04 00:00:00+01:00,135.3214824645937,136.012879241686,134.32280637133974,134.7069091796875,752966,0.0,0.0
2024-11-05 00:00:00+01:00,134.93740416529982,136.64668688230012,134.34202565586276,136.18576049804688,817551,0.0,0.0
2024-11-06 00:00:00+01:00,137.08838750061847,140.04602620028948,135.55196151743579,136.70428466796875,1363721,0.0,0.0
2024-11-07 00:00:00+01:00,137.04998897574202,139.48907283844915,135.74401877491886,138.66323852539062,1091627,0.0,0.0
2024-11-08 00:00:00+01:00,138.8168762735843,139.14336513888264,135.6479766950364,136.64666748046875,1541520,0.0,0.0
2024-11-11 00:00:00+01:00,137.97184052948046,139.87318917910585,137.7605942209953,139.70033264160156,1013673,0.0,0.0
2024-11-12 00:00:00+01:00,138.221529103269,139.50828983464677,134.55328369140625,134.55328369140625,1451643,0.0,0.0
2024-11-13 00:00:00+01:00,133.57381715833418,134.687721343037,132.13340941609155,132.95924377441406,1381466,0.0,0.0
2024-11-14 00:00:00+01:00,133.5546022030909,134.63010191819072,132.7287678782579,133.4009552001953,1072031,0.0,0.0
2024-11-15 00:00:00+01:00,132.42147074191573,133.4585660080662,131.30756662871795,132.555908203125,1155402,0.0,0.0
2024-11-18 00:00:00+01:00,131.67245713859106,133.1704787181185,131.36517779917764,133.03604125976562,795303,0.0,0.0
2024-11-19 00:00:00+01:00,132.8247850487545,132.86318946859762,129.73270908468874,131.806884765625,954743,0.0,0.0
2024-11-20 00:00:00+01:00,132.88241606021194,134.1691767525644,131.9029347237925,132.36386108398438,919355,0.0,0.0
2024-11-21 00:00:00+01:00,132.0949715745425,134.47644126739212,131.13469988277924,133.95790100097656,1050455,0.0,0.0
2024-11-22 00:00:00+01:00,134.3420245025617,134.45726708707488,131.90294047705075,132.45989990234375,855963,0.0,0.0
2024-11-25 00:00:00+01:00,133.93870270394027,134.86057005252852,132.74797508388664,132.82479858398438,1574297,0.0,0.0
2024-11-26 00:00:00+01:00,131.82610917261619,132.17180760053293,130.73139992631064,131.26914978027344,1007090,0.0,0.0
2024-11-27 00:00:00+01:00,130.92344754446663,135.01421459793264,129.90556182870148,133.84268188476562,1653296,0.0,0.0
2024-11-28 00:00:00+01:00,135.20626447987158,139.73874828356236,135.11023144444215,139.37384033203125,1312109,0.0,0.0
2024-11-29 00:00:00+01:00,139.25860914577603,141.87054940029623,139.1625761125987,141.69769287109375,1656440,0.0,0.0
2024-12-02 00:00:00+01:00,140.69902815863182,144.59772931999893,140.62220465636537,144.5401153564453,1799001,0.0,0.0
2024-12-03 00:00:00+01:00,144.73216152795084,146.46065363469077,144.54011010555402,146.0381317138672,1313090,0.0,0.0
2024-12-04 00:00:00+01:00,146.44144056344527,148.09310913085938,146.24938914568213,148.09310913085938,1357767,0.0,0.0
2024-12-05 00:00:00+01:00,146.92158419112266,148.3427823407052,146.13415428836095,147.44012451171875,1090596,0.0,0.0
2024-12-06 00:00:00+01:00,149.95604509809795,150.53219937614818,148.36199042224834,148.9957733154297,1232135,0.0,0.0
2024-12-09 00:00:00+01:00,150.01365206189925,151.281203136541,148.80371494711616,150.72425842285156,1091176,0.0,0.0
2024-12-10 00:00:00+01:00,150.83948963739016,151.06996013444282,149.64874738149436,149.99444580078125,1411830,0.0,0.0
2024-12-11 00:00:00+01:00,149.99444835518545,150.64744078166302,149.2262280045113,150.03286743164062,931725,0.0,0.0
2024-12-12 00:00:00+01:00,150.1480841909108,153.5474395751953,150.1480841909108,153.5474395751953,1077016,0.0,0.0
2024-12-13 00:00:00+01:00,152.7984315738728,154.45010010638518,152.5103617796073,153.854736328125,1388272,0.0,0.0
2024-12-16 00:00:00+01:00,153.24016957985748,153.77791942230994,151.31962605533627,151.5885009765625,1254312,0.0,0.0
2024-12-17 00:00:00+01:00,153.3746139455289,154.56535625927063,152.10704812903754,152.24148559570312,1519491,0.0,0.0
2024-12-18 00:00:00+01:00,151.91499942899543,153.62428210128883,151.91499942899543,152.5487823486328,1005190,0.0,0.0
2024-12-19 00:00:00+01:00,151.70373114189027,152.7792454952791,150.30174255371094,150.30174255371094,1388581,0.0,0.0
2024-12-20 00:00:00+01:00,149.418289238378,150.14809048894122,146.78713938469505,148.630859375,2249485,0.0,0.0
2024-12-23 00:00:00+01:00,148.18913939605233,148.55403268720647,147.0752206802302,147.7858123779297,968295,0.0,0.0
2024-12-24 00:00:00+01:00,147.6129747965405,148.55403701018338,147.5553608358703,147.59376525878906,187550,0.0,0.0
2024-12-27 00:00:00+01:00,147.88184706213295,149.1302032470703,147.3056781605976,149.1302032470703,773490,0.0,0.0
2024-12-30 00:00:00+01:00,148.13150731006178,149.5527199772937,147.90105147949265,148.2467498779297,753659,0.0,0.0
2024-12-31 00:00:00+01:00,147.13283779866373,148.82291079329727,147.07522383843295,148.630859375,278864,0.0,0.0
2025-01-02 00:00:00+01:00,149.51431449974825,154.12362201385716,149.43749099837822,153.77792358398438,1636969,0.0,0.0
2025-01-03 00:00:00+01:00,152.97128878224785,153.12493577492742,151.76133703062578,152.27989196777344,1040083,0.0,0.0
2025-01-06 00:00:00+01:00,152.31830918247692,153.29779052734375,149.59114076999313,153.29779052734375,1345018,0.0,0.0
2025-01-07 00:00:00+01:00,153.2785731206929,153.8163229600492,151.01233118870263,152.10704040527344,1585470,0.0,0.0
2025-01-08 00:00:00+01:00,151.79975610508754,153.41300557047202,151.3388297796325,152.27989196777344,1077965,0.0,0.0
2025-01-09 00:00:00+01:00,151.74215347338395,153.14414209163704,150.35935974121094,150.35935974121094,874104,0.0,0.0
2025-01-10 00:00:00+01:00,152.10703979485993,153.20174900703762,150.6858417033239,151.3004150390625,1064221,0.0,0.0
2025-01-13 00:00:00+01:00,150.83949357703133,151.1467729285429,148.1507296515283,149.2646484375,1118878,0.0,0.0
2025-01-14 00:00:00+01:00,150.01365836791751,151.33883811070743,149.1302100902524,149.78318786621094,960941,0.0,0.0
2025-01-15 00:00:00+01:00,149.8023853446047,151.0507414863264,148.2467498779297,148.2467498779297,1796913,0.0,0.0
2025-01-16 00:00:00+01:00,149.84079319884376,151.85736967802998,148.89973101309587,150.9547119140625,1009475,0.0,0.0
2025-01-17 00:00:00+01:00,151.68452793063506,155.0454789637589,151.55009047541344,154.39248657226562,1666035,0.0,0.0
2025-01-20 00:00:00+01:00,154.3540909712114,157.84947965930527,154.25805793231504,156.9276123046875,1146737,0.0,0.0
2025-01-21 00:00:00+01:00,156.5242934774331,156.9852198094898,155.21832332611928,156.8123779296875,974763,0.0,0.0
2025-01-22 00:00:00+01:00,156.8892115727457,158.57928466796875,156.14020073999805,158.57928466796875,1057154,0.0,0.0
2025-01-23 00:00:00+01:00,159.40511177662435,160.1541225754162,157.73423364331256,160.0388946533203,870632,0.0,0.0
2025-01-24 00:00:00+01:00,160.3653736553671,160.82629996794066,159.6355724394104,160.40377807617188,716160,0.0,0.0
2025-01-27 00:00:00+01:00,159.55875883957674,160.78790551771536,157.04283686964385,159.25146484375,989379,0.0,0.0
2025-01-28 00:00:00+01:00,158.59849467123408,160.78791321222974,158.40644324094382,160.17333984375,794920,0.0,0.0
2025-01-29 00:00:00+01:00,159.86603556463453,161.3640571382958,159.50114226629648,160.00047302246094,717277,0.0,0.0
2025-01-30 00:00:00+01:00,160.40379983891083,160.6918843180738,159.34750961876028,159.71241760253906,1001567,0.0,0.0
2025-01-31 00:00:00+01:00,160.36537816086664,162.34353557101244,159.80841880175836,160.48060607910156,1321658,0.0,0.0
2025-02-03 00:00:00+01:00,157.04283238376033,160.15411806600434,156.35145021806767,159.96206665039062,1487261,0.0,0.0
2025-02-04 00:00:00+01:00,160.9991768637941,161.4408936955628,158.52167380979196,159.42433166503906,717977,0.0,0.0
2025-02-05 00:00:00+01:00,158.44483769273936,160.26934814453125,158.21436719934695,160.26934814453125,815149,0.0,0.0
2025-02-06 00:00:00+01:00,160.71107398151756,161.42168032189102,159.5971552812295,161.2296142578125,806730,0.0,0.0
2025-02-07 00:00:00+01:00,161.49849609160282,161.63294820325822,159.75080912367568,160.28855895996094,887988,0.0,0.0
2025-02-10 00:00:00+01:00,159.8276310899886,161.21042474294345,159.6547745570773,160.78790283203125,785898,0.0,0.0
2025-02-11 00:00:00+01:00,161.19121823782666,161.34486523606415,159.50114521496698,160.57664489746094,699736,0.0,0.0
2025-02-12 00:00:00+01:00,161.6329446320882,163.15016107126374,161.01835665838783,163.13096618652344,775257,0.0,0.0
2025-02-13 00:00:00+01:00,163.24619928402723,164.12964754537185,161.92101956571815,163.22698974609375,1234015,0.0,0.0
2025-02-14 00:00:00+01:00,161.5369124971127,163.09254801959455,161.13360012656494,161.8249969482422,1054827,0.0,0.0
2025-02-17 00:00:00+01:00,161.9978415350801,164.82104282868653,161.6713526562154,163.72633361816406,1214483,0.0,0.0
2025-02-18 00:00:00+01:00,165.16674240200504,167.08728591830743,164.76343002189165,166.12701416015625,1260936,0.0,0.0
2025-02-19 00:00:00+01:00,165.64688115750002,166.5687485084702,162.11308805938054,162.2091064453125,1349752,0.0,0.0
2025-02-20 00:00:00+01:00,160.59585804554956,161.70976217635112,156.73556138041326,158.52166748046875,1911043,0.0,0.0
2025-02-21 00:00:00+01:00,156.52429361343385,157.63821234840725,153.39381301609538,153.6434783935547,1839648,0.0,0.0
2025-02-24 00:00:00+01:00,154.85341176912098,158.27199138894204,154.37327591074305,157.81105041503906,1166045,0.0,0.0
2025-02-25 00:00:00+01:00,158.15675117089867,159.82762925782922,156.94681406472512,157.58059692382812,1111791,0.0,0.0
2025-02-26 00:00:00+01:00,158.4448418745174,161.55612768080195,158.21437137504228,160.86473083496094,1066473,0.0,0.0
2025-02-27 00:00:00+01:00,160.80712228004833,161.07599721218415,156.63953152677323,158.57928466796875,1237293,0.0,0.0
2025-02-28 00:00:00+01:00,158.21437707239062,159.71241339404713,158.07993960600174,159.11703491210938,2890885,0.0,0.0
2025-03-03 00:00:00+01:00,161.32565569564605,170.25618599502903,160.40378835881958,167.4521942138672,3087355,0.0,0.0
2025-03-04 00:00:00+01:00,167.54822094134846,167.7018679472344,161.2296306869929,162.03627014160156,1762947,0.0,0.0
2025-03-05 00:00:00+01:00,166.12701718843695,167.35616388906948,164.95548444993022,165.91575622558594,1467081,0.0,0.0
2025-03-06 00:00:00+01:00,168.04756093905124,168.04756093905124,161.67135692723863,166.18463134765625,1459640,0.0,0.0
2025-03-07 00:00:00+01:00,167.81707941441013,167.81707941441013,161.84418818287813,162.82366943359375,1382893,0.0,0.0
2025-03-10 00:00:00+01:00,163.80316021548862,164.82104594684373,156.6011219435409,156.6395263671875,1971321,0.0,0.0
2025-03-11 00:00:00+01:00,158.52165894892548,158.8289382831862,155.10309393449108,156.5242919921875,1320618,0.0,0.0
2025-03-12 00:00:00+01:00,158.31039816448433,161.22961777969297,157.0428324462783,157.58059692382812,1606967,0.0,0.0
2025-03-13 00:00:00+01:00,158.42562855759394,158.4832425179424,155.77528381347656,155.77528381347656,1199586,0.0,0.0
2025-03-14 00:00:00+01:00,155.60243213465756,162.65083810640536,155.25673370919696,162.4779815673828,1467306,0.0,0.0
2025-03-17 00:00:00+01:00,163.15016017764725,165.01308966811737,162.65082943062632,164.4369354248047,1081848,0.0,0.0
2025-03-18 00:00:00+01:00,165.16673580407638,165.3587872175179,163.11175490982666,164.95547485351562,1300826,0.0,0.0
2025-03-19 00:00:00+01:00,164.7826523514192,165.5316632087141,163.24621155807375,164.49456787109375,1076817,0.0,0.0
2025-03-20 00:00:00+01:00,163.80315092400454,164.24486770751437,158.77132186182956,160.71107482910156,1092316,0.0,0.0
2025-03-21 00:00:00+01:00,159.50115874935796,160.8263239269959,158.3296259304097,160.0196990966797,2190245,0.0,0.0
2025-03-24 00:00:00+01:00,161.61374015668764,162.55480237886988,159.5779540615015,160.57664489746094,728663,0.0,0.0
2025-03-25 00:00:00+01:00,160.71109019039852,165.4740447998047,160.57665272353466,165.4740447998047,960604,0.0,0.0
2025-03-26 00:00:00+01:00,164.70581686769341,164.84025432838982,162.59322191992823,163.76473999023438,819111,0.0,0.0
2025-03-27 00:00:00+01:00,161.3640656108899,162.9005063403649,159.63558810596143,161.9978485107422,967418,0.0,0.0
2025-03-28 00:00:00+01:00,160.53821811604615,161.3064384177761,158.75212679445553,159.65476989746094,996791,0.0,0.0
2025-03-31 00:00:00+02:00,158.13754451883855,158.42562897392193,155.17992042756234,156.3130340576172,1228522,0.0,0.0
2025-04-01 00:00:00+02:00,157.0620473270041,161.38327026367188,156.67794448255626,161.38327026367188,1195927,0.0,0.0
2025-04-02 00:00:00+02:00,160.36539566665033,161.0567925567014,154.37329417040286,156.27464294433594,1375077,0.0,0.0
2025-04-03 00:00:00+02:00,149.78317920387983,152.894464860355,147.5937608483326,151.7421417236328,1962518,0.0,0.0
2025-04-04 00:00:00+02:00,150.89709107819334,151.03152852717338,138.98972811755618,141.06390380859375,2910456,0.0,0.0
2025-04-07 00:00:00+02:00,126.96712713361912,144.04075702777087,121.37834605399328,131.36517333984375,3896651,0.0,0.0
2025-04-08 00:00:00+02:00,133.8618786450397,137.26124891039726,132.51750403040268,134.66851806640625,2026118,0.0,0.0
2025-04-09 00:00:00+02:00,130.57775779362774,132.53672050906627,126.29495368801696,128.1770782470703,2103551,0.0,0.0
2025-04-10 00:00:00+02:00,144.23281950438786,144.30964300567268,133.66982984537353,133.9195098876953,2556537,0.0,0.0
2025-04-11 00:00:00+02:00,135.97447962459455,136.05128846691073,128.06183548093753,129.5022430419922,1972263,0.0,0.0
2025-04-14 00:00:00+02:00,133.76586658776378,134.28440692005861,131.864532499236,133.72744750976562,1621814,0.0,0.0
2025-04-15 00:00:00+02:00,133.47776876536543,135.89765759678465,132.97842336941906,135.3406982421875,1815889,0.0,0.0
2025-04-16 00:00:00+02:00,134.6108883763945,134.9373919109837,133.05525281294862,134.91818237304688,1490715,0.0,0.0
2025-04-17 00:00:00+02:00,135.05262538024834,135.26388634847757,130.0016009866421,131.0386962890625,1563744,0.0,0.0
2025-04-22 00:00:00+02:00,131.39215622427517,131.39215622427517,129.50697695030928,130.64593505859375,1951154,3.0,0.0
2025-04-23 00:00:00+02:00,133.04167537639776,138.93281967350762,132.74711516515134,136.32107543945312,1840997,0.0,0.0
2025-04-24 00:00:00+02:00,136.32106596922662,136.77272692602153,134.33772498065642,134.7697296142578,1392522,0.0,0.0
2025-04-25 00:00:00+02:00,136.96909948838564,139.01136456174586,136.37997908920232,138.0491485595703,1438906,0.0,0.0
2025-04-28 00:00:00+02:00,140.07177335713203,143.33153197341375,139.83612219927443,141.70166015625,1559982,0.0,0.0
2025-04-29 00:00:00+02:00,142.44786215797282,143.46898718139803,140.89652579045946,141.36781311035156,1152085,0.0,0.0
2025-04-30 00:00:00+02:00,141.36781668839714,144.8632264481445,141.24999860093055,144.47048950195312,1978356,0.0,0.0
2025-05-02 00:00:00+02:00,150.10635553228647,152.63954927742734,148.53537778923732,152.14862060546875,2677637,0.0,0.0
2025-05-05 00:00:00+02:00,152.77701562101234,155.97786531354993,152.58063215777725,155.40838623046875,1002487,0.0,0.0
2025-05-06 00:00:00+02:00,156.11532552684173,156.31169400910088,150.69546852115118,153.7981414794922,1209920,0.0,0.0
2025-05-07 00:00:00+02:00,154.03378762251072,154.2497974405356,150.97038246777353,151.7755126953125,1225512,0.0,0.0
2025-05-08 00:00:00+02:00,153.01265040460373,155.7422127206826,152.65918114875407,155.50657653808594,1162025,0.0,0.0
2025-05-09 00:00:00+02:00,156.23313124706485,156.68479220425138,155.15309718919445,155.5654754638672,954528,0.0,0.0
2025-05-12 00:00:00+02:00,155.93859305435598,156.6455165699214,151.6576943669103,155.70294189453125,1268535,0.0,0.0
2025-05-13 00:00:00+02:00,155.52620390790813,158.17723083496094,155.2709263811203,158.17723083496094,850760,0.0,0.0
2025-05-14 00:00:00+02:00,158.64851202916347,158.96269858979144,155.34947074182202,156.6062469482422,936741,0.0,0.0
2025-05-15 00:00:00+02:00,156.15458723109188,156.8026166814093,155.50657276272872,156.33132934570312,900253,0.0,0.0
2025-05-16 00:00:00+02:00,156.56697718451574,158.58960089690052,155.84039736332878,157.33282470703125,1191755,0.0,0.0
2025-05-19 00:00:00+02:00,156.21351877727267,159.21800003270883,155.58513063876285,158.96270751953125,950735,0.0,0.0
2025-05-20 00:00:00+02:00,159.68928222819133,159.76783261570984,158.49141503695475,158.90379333496094,664330,0.0,0.0
2025-05-21 00:00:00+02:00,157.92193824095432,159.96420340001853,157.8630291949547,159.15908813476562,723400,0.0,0.0
2025-05-22 00:00:00+02:00,157.74519941128221,159.04124327307892,157.07752864821134,158.3343048095703,613492,0.0,0.0
2025-05-23 00:00:00+02:00,158.3146874194556,159.7481907869283,151.2845850684788,154.4461669921875,1355434,0.0,0.0
2025-05-26 00:00:00+02:00,157.41137837380754,158.51105381738384,157.19536855711158,157.3131866455078,556583,0.0,0.0
2025-05-27 00:00:00+02:00,157.54884094002756,160.29802960368684,157.54884094002756,159.25726318359375,723948,0.0,0.0
2025-05-28 00:00:00+02:00,159.551815122951,162.75266460514501,158.9234270349757,159.39471435546875,1337656,0.0,0.0
2025-05-29 00:00:00+02:00,161.9279170444799,162.39920439115465,159.53218264412166,159.61073303222656,611176,0.0,0.0
2025-05-30 00:00:00+02:00,159.59109608985457,160.98534678971464,159.1394500732422,159.1394500732422,1136818,0.0,0.0
2025-06-02 00:00:00+02:00,159.00198298378112,160.04274938635885,156.97935922300485,159.63037109375,707780,0.0,0.0
2025-06-03 00:00:00+02:00,160.74968076765776,163.4203338623047,158.29503748080978,163.4203338623047,1192092,0.0,0.0
2025-06-04 00:00:00+02:00,166.8372059924868,170.64681746177382,165.79643955569102,167.0924835205078,1551623,0.0,0.0
2025-06-05 00:00:00+02:00,166.4248201306853,166.81755707626513,162.4973907470703,162.4973907470703,1228318,0.0,0.0
2025-06-06 00:00:00+02:00,162.00645836059655,162.8704975994116,160.82823256891024,162.3402862548828,869676,0.0,0.0
2025-06-09 00:00:00+02:00,162.45812304529397,163.16504655094687,161.59408378667337,162.4973907470703,811278,0.0,0.0
2025-06-10 00:00:00+02:00,162.47775529872004,163.67562250272888,160.94606018066406,160.94606018066406,818443,0.0,0.0
2025-06-11 00:00:00+02:00,160.90678174843575,162.79194599741658,160.25875232417414,160.6514892578125,904579,0.0,0.0
2025-06-12 00:00:00+02:00,159.276895468928,160.74968144726333,157.94156891595912,159.84637451171875,927131,0.0,0.0
2025-06-13 00:00:00+02:00,157.19536909822384,159.3750936327832,157.09717736958612,158.6485137939453,1067485,0.0,0.0
2025-06-16 00:00:00+02:00,159.53218189069878,160.12130230772595,158.62887490469043,159.08053588867188,766106,0.0,0.0
2025-06-17 00:00:00+02:00,157.82376098632812,158.66815893418058,156.2331418396567,157.82376098632812,979019,0.0,0.0
2025-06-18 00:00:00+02:00,158.29503831707368,163.93090472695397,158.29503831707368,160.02310180664062,1249445,0.0,0.0
2025-06-19 00:00:00+02:00,159.6500126571826,160.4158601990828,158.41286279568666,158.8252410888672,592042,0.0,0.0
2025-06-20 00:00:00+02:00,160.04274729258978,165.61968982285862,159.49290957630458,164.4611053466797,2619645,0.0,0.0
2025-06-23 00:00:00+02:00,163.49889697335536,165.26624327386077,162.3206711003367,163.97018432617188,1282919,0.0,0.0
2025-06-24 00:00:00+02:00,167.0924742883746,168.93837087471329,165.7571626937769,167.50486755371094,1501152,0.0,0.0
2025-06-25 00:00:00+02:00,168.87947166196187,168.87947166196187,166.93539821800988,168.4278106689453,1423956,0.0,0.0
2025-06-26 00:00:00+02:00,169.66495798686393,172.90509033203125,168.36889905601515,172.90509033203125,2026487,0.0,0.0
2025-06-27 00:00:00+02:00,174.88842959319453,175.4186409618068,172.68907867733472,174.96697998046875,1780555,0.0,0.0
2025-06-30 00:00:00+02:00,175.18299504185885,175.3008131353183,173.69056760290107,174.04403686523438,1137708,0.0,0.0
2025-07-01 00:00:00+02:00,174.318946098258,174.593879937718,168.7812712825683,169.19366455078125,916384,0.0,0.0
2025-07-02 00:00:00+02:00,169.99878754029226,172.76763256548517,169.9005958087212,172.00177001953125,810499,0.0,0.0
2025-07-03 00:00:00+02:00,172.80689439002953,173.90656983283162,171.19664892794606,173.5531005859375,813313,0.0,0.0
2025-07-04 00:00:00+02:00,171.82504003931194,172.76762970815903,171.17701057835174,172.19815063476562,527620,0.0,0.0
2025-07-07 00:00:00+02:00,172.8854490685099,174.6331540043345,172.8068986803661,174.0636749267578,651978,0.0,0.0
2025-07-08 00:00:00+02:00,175.06517289966578,176.027388931893,173.65129588303137,175.67391967773438,858176,0.0,0.0
2025-07-09 00:00:00+02:00,176.57722886197405,179.60135141141862,176.28266864951718,179.051513671875,1350405,0.0,0.0
2025-07-10 00:00:00+02:00,179.48352810792028,180.9759554876023,178.28566093214258,179.97445678710938,969240,0.0,0.0
2025-07-11 00:00:00+02:00,178.30530043111048,180.40647455704172,177.95183118647,179.89590454101562,818084,0.0,0.0
2025-07-14 00:00:00+02:00,177.6179946255743,180.0530117228831,177.16634861920335,179.67990112304688,504474,0.0,0.0
2025-07-15 00:00:00+02:00,180.24937203777458,180.46538185084657,176.6754119241571,176.8717803955078,982521,0.0,0.0
2025-07-16 00:00:00+02:00,175.8702898470901,178.9533214339091,175.7132040519185,177.7161865234375,967359,0.0,0.0
2025-07-17 00:00:00+02:00,179.54244027443596,181.9185333251953,178.1874723020867,181.9185333251953,1122641,0.0,0.0
2025-07-18 00:00:00+02:00,181.80071004924685,183.60732397288322,181.76142736545458,182.8414764404297,1020058,0.0,0.0
2025-07-21 00:00:00+02:00,182.8218382182028,182.95929764991303,179.69953899137545,182.64511108398438,678003,0.0,0.0
2025-07-22 00:00:00+02:00,181.85961788587437,182.37018789810583,176.34158442406508,178.03038024902344,863156,0.0,0.0
2025-07-23 00:00:00+02:00,181.38833565366687,181.5061537436637,179.26752014199718,180.05300903320312,874034,0.0,0.0
2025-07-24 00:00:00+02:00,183.11639276054882,183.50912970130193,178.38383322011794,179.2871551513672,760056,0.0,0.0
2025-07-25 00:00:00+02:00,177.5198149932033,178.14820310895809,176.2433974194017,176.93069458007812,897971,0.0,0.0
2025-07-28 00:00:00+02:00,179.73880998910022,179.77809267428302,174.29932668375167,174.41714477539062,1098907,0.0,0.0
2025-07-29 00:00:00+02:00,174.77061696732423,179.05151582490316,174.61351618786418,176.1844940185547,1099699,0.0,0.0
2025-07-30 00:00:00+02:00,177.71617961418622,177.71617961418622,174.986617391044,175.61500549316406,742709,0.0,0.0
2025-07-31 00:00:00+02:00,175.00625903907053,177.44126106630137,172.4730652842928,172.84616088867188,1648859,0.0,0.0
2025-08-01 00:00:00+02:00,171.84468313505795,171.84468313505795,164.3236519957867,166.03208923339844,1374585,0.0,0.0
2025-08-04 00:00:00+02:00,167.34776795156665,169.23293225244464,166.91574832349906,169.19366455078125,871117,0.0,0.0
2025-08-05 00:00:00+02:00,170.4111625949047,173.10145717991634,169.8809662076164,172.0214080810547,1191315,0.0,0.0
2025-08-06 00:00:00+02:00,173.86730904432724,174.90807548435745,172.15887178607932,174.67242431640625,1145613,0.0,0.0
2025-08-07 00:00:00+02:00,175.59536501935756,175.98811694884552,174.06366994924008,174.18148803710938,765854,0.0,0.0
2025-08-08 00:00:00+02:00,175.26153700217355,175.45790547581316,173.0229034423828,173.0229034423828,588200,0.0,0.0
2025-08-11 00:00:00+02:00,173.43527596019308,173.59237672665859,171.58937940910758,172.6105194091797,462907,0.0,0.0
2025-08-12 00:00:00+02:00,173.10145299474985,177.57872009277344,172.8265341365873,177.57872009277344,941436,0.0,0.0
2025-08-13 00:00:00+02:00,178.5998497812372,179.54243944939975,176.30230712890625,176.30230712890625,885098,0.0,0.0
2025-08-14 00:00:00+02:00,177.44125869946586,180.58319917365338,177.06814811810943,180.44573974609375,784744,0.0,0.0
2025-08-15 00:00:00+02:00,181.36868653241743,183.489501953125,180.15117805416963,183.489501953125,1439959,0.0,0.0
2025-08-18 00:00:00+02:00,183.11639539562606,183.4895059820784,180.1511820098221,180.8777618408203,659544,0.0,0.0
2025-08-19 00:00:00+02:00,181.52579397758302,181.8399805429743,178.69803997928975,180.50465393066406,610186,0.0,0.0
2025-08-20 00:00:00+02:00,179.85662015289938,180.30828112086454,175.65427194085774,175.88992309570312,847025,0.0,0.0
2025-08-21 00:00:00+02:00,176.06667146837208,177.73582600750962,175.94883839578216,177.63763427734375,565015,0.0,0.0
2025-08-22 00:00:00+02:00,176.73433040073908,178.37403044606694,176.59687096526116,177.44126892089844,568267,0.0,0.0
2025-08-25 00:00:00+02:00,176.34159300663407,178.79623647843044,176.20413357149167,177.2645263671875,432626,0.0,0.0
2025-08-26 00:00:00+02:00,175.65426988659226,176.89141970761963,172.80688962979198,176.6165008544922,1077085,0.0,0.0
2025-08-27 00:00:00+02:00,176.8128818186042,177.4412699532959,174.86880836783234,175.02589416503906,619765,0.0,0.0
2025-08-28 00:00:00+02:00,176.0470348363642,177.10744262631908,174.5546073932475,175.37936401367188,730732,0.0,0.0
2025-08-29 00:00:00+02:00,174.55459466764628,177.4216162691217,174.1618577290155,175.81137084960938,773553,0.0,0.0
2025-09-01 00:00:00+02:00,176.24340036413173,179.42462368064258,176.10594092969973,178.6980438232422,532866,0.0,0.0
2025-09-02 00:00:00+02:00,178.40347215953147,178.8747594784801,175.61500096465102,175.90956115722656,837110,0.0,0.0
2025-09-03 00:00:00+02:00,177.20560569274843,181.7025140358269,176.8128687558143,181.3490447998047,998568,0.0,0.0
2025-09-04 00:00:00+02:00,183.31276312089904,184.0786106506313,182.01671921748826,183.46986389160156,842386,0.0,0.0
2025-09-05 00:00:00+02:00,183.7055185209417,184.00006374413528,179.34606943422435,180.50465393066406,705348,0.0,0.0
2025-09-08 00:00:00+02:00,181.91853419172642,184.53027841853842,181.82034246093167,184.41246032714844,903598,0.0,0.0
2025-09-09 00:00:00+02:00,183.62697241241983,184.5891884551643,180.99558682893186,184.1375274658203,1029624,0.0,0.0
2025-09-10 00:00:00+02:00,186.08161249205148,187.24019699441627,184.86410396279223,185.13902282714844,982728,0.0,0.0
2025-09-11 00:00:00+02:00,185.80669569294088,191.6978399636903,185.6692362592349,190.48033142089844,1313007,0.0,0.0
2025-09-12 00:00:00+02:00,189.79302792455482,190.77488527027734,188.63442846598608,189.7144775390625,1025028,0.0,0.0
2025-09-15 00:00:00+02:00,189.9893980955819,194.74158409568867,189.61628750664687,192.7386016845703,1245367,0.0,0.0
2025-09-16 00:00:00+02:00,192.67969553219868,193.3866340366043,189.24319473987583,189.419921875,1422665,0.0,0.0
2025-09-17 00:00:00+02:00,189.65556418265393,190.20540188664253,187.37764800103963,188.2220458984375,925207,0.0,0.0
2025-09-18 00:00:00+02:00,189.616281499824,190.65704786551012,187.5543901098667,188.2220458984375,1230868,0.0,0.0
2025-09-19 00:00:00+02:00,190.65705154917518,191.48182310304722,189.77338593382794,190.34286499023438,1688340,0.0,0.0
2025-09-22 00:00:00+02:00,190.1268538890023,192.36548741588123,189.83229369189635,191.59963989257812,959442,0.0,0.0
2025-09-23 00:00:00+02:00,192.46368955471772,192.85642651747048,190.73561096191406,190.73561096191406,857491,0.0,0.0
2025-09-24 00:00:00+02:00,191.54073902830226,192.36549562985272,189.91085218574685,190.30360412597656,1080557,0.0,0.0
2025-09-25 00:00:00+02:00,189.49846707652196,190.5588748041111,188.43805934893285,190.34286499023438,721934,0.0,0.0
2025-09-26 00:00:00+02:00,191.58000799471657,192.34585555577158,189.5770255231776,192.16912841796875,869404,0.0,0.0
2025-09-29 00:00:00+02:00,193.4258944878657,194.05428258133998,191.61928059187133,192.22802734375,705270,0.0,0.0
2025-09-30 00:00:00+02:00,191.75674259656725,193.81863403320312,190.83379429456895,193.81863403320312,770902,0.0,0.0
2025-10-01 00:00:00+02:00,193.58300578308413,196.09655829365946,191.815659492225,195.46817016601562,961217,0.0,0.0
2025-10-02 00:00:00+02:00,196.37146681253077,199.21884708853088,196.01799757299005,198.38427734375,926298,0.0,0.0
2025-10-03 00:00:00+02:00,199.07158202942716,200.93710504209992,198.87521355155968,199.85707092285156,809976,0.0,0.0
2025-10-06 00:00:00+02:00,196.9114982780032,199.16977322227595,196.46966545850415,197.45152282714844,1016212,0.0,0.0
2025-10-07 00:00:00+02:00,197.3042372474241,200.00434503876767,196.4205715994026,198.7770233154297,576393,0.0,0.0
2025-10-08 00:00:00+02:00,200.1516272186563,201.86987758483377,198.77701793654177,201.5753173828125,740972,0.0,0.0
2025-10-09 00:00:00+02:00,202.1644249747843,202.94991386128714,200.93710327148438,200.93710327148438,659422,0.0,0.0
2025-10-10 00:00:00+02:00,201.08439346668794,201.7716906330373,197.50060505751236,198.33518981933594,841713,0.0,0.0
2025-10-13 00:00:00+02:00,199.80797826895133,199.80797826895133,197.64789501378604,198.67884826660156,513624,0.0,0.0
2025-10-14 00:00:00+02:00,197.3533278757957,199.61160278320312,194.56485659003556,199.61160278320312,792922,0.0,0.0
2025-10-15 00:00:00+02:00,201.13348925561905,203.1953807538857,199.31704711914062,199.31704711914062,878248,0.0,0.0
2025-10-16 00:00:00+02:00,200.54436935821212,202.16442803833627,197.7951657047686,201.72259521484375,631894,0.0,0.0
2025-10-17 00:00:00+02:00,197.30423046872343,200.8389229032787,195.5663387732376,196.7642059326172,1084645,0.0,0.0
2025-10-20 00:00:00+02:00,199.80796502808346,200.54435801958743,197.99152298959208,200.00433349609375,957314,0.0,0.0
2025-10-21 00:00:00+02:00,200.69164349440948,204.81545649683338,199.56251349447967,203.588134765625,793810,0.0,0.0
2025-10-22 00:00:00+02:00,204.520897134725,206.38642018113097,202.0171577962661,202.06625366210938,760823,0.0,0.0
2025-10-23 00:00:00+02:00,202.65535968216528,204.52089771582658,201.96806250427107,203.4899444580078,631819,0.0,0.0
2025-10-24 00:00:00+02:00,204.9136314583579,204.9136314583579,202.01715519436786,204.6681671142578,543861,0.0,0.0
2025-10-27 00:00:00+01:00,205.55183794348528,205.55183794348528,203.19537136328506,204.81544494628906,527816,0.0,0.0
2025-10-28 00:00:00+01:00,204.27542568137363,205.06091456167695,202.99900812362506,203.98086547851562,607962,0.0,0.0
2025-10-29 00:00:00+01:00,203.29356590690094,204.91362453040688,201.9680525007931,204.6190643310547,783459,0.0,0.0
2025-10-30 00:00:00+01:00,207.9083029263517,213.0139583725441,207.07371814968593,208.841064453125,1347037,0.0,0.0
2025-10-31 00:00:00+01:00,209.2828864945312,210.70659162626666,207.7610195997035,209.52835083007812,836050,0.0,0.0
2025-11-03 00:00:00+01:00,209.52834699706483,210.6574919090971,208.69377726064494,210.26473999023438,661908,0.0,0.0
2025-11-04 00:00:00+01:00,207.46646040103613,209.87200790460452,205.99367438065295,208.98834228515625,621290,0.0,0.0
2025-11-05 00:00:00+01:00,207.5646447652713,208.98834995612918,206.14095455636811,208.49742126464844,620877,0.0,0.0
2025-11-06 00:00:00+01:00,207.95739214839708,208.0064880128597,203.58812988640065,204.86453247070312,731286,0.0,0.0
2025-11-07 00:00:00+01:00,204.37359788671324,205.15908674956376,202.36080233947328,204.27542114257812,804316,0.0,0.0
2025-11-10 00:00:00+01:00,207.56464104924675,208.4974175319244,206.48460693649778,207.2700958251953,587605,0.0,0.0
2025-11-11 00:00:00+01:00,207.5646424736448,208.595595710763,205.45365511636598,207.17190551757812,545152,0.0,0.0
2025-11-12 00:00:00+01:00,208.20285868236272,209.52835714509314,207.61373826651285,208.1537628173828,778836,0.0,0.0
2025-11-13 00:00:00+01:00,208.251958522671,209.4792802608245,204.91363440572053,206.43551635742188,874682,0.0,0.0
2025-11-14 00:00:00+01:00,203.8335891022701,204.07905343645783,198.82611069205888,202.7535400390625,971118,0.0,0.0
2025-11-17 00:00:00+01:00,203.93176893027893,206.53369990118316,202.94991157868205,203.53903198242188,695011,0.0,0.0
2025-11-18 00:00:00+01:00,200.10252591746197,203.04809789372896,198.72791667269843,200.4461669921875,914627,0.0,0.0
2025-11-19 00:00:00+01:00,200.29890830402445,200.6425643845829,198.28609765065676,199.56251525878906,1108938,0.0,0.0
2025-11-20 00:00:00+01:00,200.69163513183594,203.68630302759115,200.593458386603,200.69163513183594,879198,0.0,0.0
2025-11-21 00:00:00+01:00,197.25513687764976,201.6244140985214,196.66603145307292,199.0715789794922,1274171,0.0,0.0
2025-11-24 00:00:00+01:00,199.5625032178463,200.44616882602935,196.07690668431724,196.42056274414062,1504691,0.0,0.0
2025-11-25 00:00:00+01:00,196.8133041198092,199.61160357869804,196.13582014669163,198.0897216796875,667083,0.0,0.0
2025-11-26 00:00:00+01:00,200.15162653795653,201.13348388671875,198.67884051481323,201.13348388671875,680047,0.0,0.0
2025-11-27 00:00:00+01:00,200.78982304886685,201.4771201802717,199.51340552942705,200.4461669921875,594470,0.0,0.0
2025-11-28 00:00:00+01:00,200.88802551089665,201.62441854432083,199.75888053714016,200.74073791503906,792558,0.0,0.0
2025-12-01 00:00:00+01:00,197.50059977907827,197.9424475717375,179.07114812344142,189.08609008789062,3877479,0.0,0.0
2025-12-02 00:00:00+01:00,188.5166092519685,189.69483506340248,184.8248310476209,187.0438232421875,2063938,0.0,0.0
2025-12-03 00:00:00+01:00,187.84895572426996,195.91980937209047,187.8293143822882,194.52557373046875,2159616,0.0,0.0
2025-12-04 00:00:00+01:00,194.87904473842843,194.97723646727093,192.62076981264033,193.44554138183594,786700,0.0,0.0
2025-12-05 00:00:00+01:00,195.35033953542893,195.7823441726177,193.13133239746094,193.13133239746094,567740,0.0,0.0
2025-12-08 00:00:00+01:00,193.62227357208553,194.7415903931322,192.89570869471166,194.48631286621094,476146,0.0,0.0
2025-12-09 00:00:00+01:00,195.1932522471145,195.42888843240672,190.51960147942071,191.8942108154297,791687,0.0,0.0
2025-12-10 00:00:00+01:00,191.2069145683091,192.34585776065526,189.43956826024794,190.460693359375,926845,0.0,0.0
2025-12-11 00:00:00+01:00,189.79303306602648,190.30360309458064,187.77040927615812,189.7733917236328,1034043,0.0,0.0
2025-12-12 00:00:00+01:00,190.4803281402437,192.77787077059614,189.9304904148897,190.49996948242188,799504,0.0,0.0
2025-12-15 00:00:00+01:00,191.5407340765696,193.4258983950729,190.51959404032564,192.56185913085938,823701,0.0,0.0
2025-12-16 00:00:00+01:00,190.81415093293563,191.40327132685525,187.8489525675478,189.45919799804688,1412704,0.0,0.0
2025-12-17 00:00:00+01:00,190.46068403576572,191.85491967110792,186.80817350522543,186.9456329345703,799671,0.0,0.0
2025-12-18 00:00:00+01:00,187.35802542340542,190.73560209921962,187.04382388223902,190.51959228515625,776933,0.0,0.0
2025-12-19 00:00:00+01:00,190.5981456728335,192.79751154978138,189.91084851814801,192.2869415283203,1530055,0.0,0.0
2025-12-22 00:00:00+01:00,192.7189661559616,193.0135263675877,191.34437181097945,192.16912841796875,530974,0.0,0.0
2025-12-23 00:00:00+01:00,192.14948699146376,193.74010614076846,191.71746734552804,193.15098571777344,489426,0.0,0.0
2025-12-24 00:00:00+01:00,192.77786549691356,193.9364649424611,192.40476989746094,192.40476989746094,108258,0.0,0.0
2025-12-29 00:00:00+01:00,193.13134318847582,193.22953491902325,190.81415917793032,192.4440460205078,585469,0.0,0.0
2025-12-30 00:00:00+01:00,191.36399164883267,196.21436935815456,191.36399164883267,195.33070373535156,608927,0.0,0.0
2025-12-31 00:00:00+01:00,194.30956266031177,195.09505153301626,194.1524768713342,194.8004913330078,199465,0.0,0.0
2026-01-02 00:00:00+01:00,193.54371051946427,200.54435801958743,193.07242319984877,200.00433349609375,1003279,0.0,0.0
2026-01-05 00:00:00+01:00,201.77169018525342,206.7300729161238,201.6734984551552,204.22633361816406,1111755,0.0,0.0
2026-01-06 00:00:00+01:00,205.1590888229014,205.60092163085938,202.60626872028078,205.60092163085938,1208272,0.0,0.0
2026-01-07 00:00:00+01:00,205.69911552563048,210.7065940204681,204.66816230822812,209.87200927734375,834981,0.0,0.0
2026-01-08 00:00:00+01:00,209.33198536069912,211.93391634399126,208.74287993610878,211.2957000732422,773028,0.0,0.0
2026-01-09 00:00:00+01:00,210.51021288393588,211.54116611269876,208.15376120272452,211.19752502441406,1021737,0.0,0.0
2026-01-12 00:00:00+01:00,210.85387548898365,213.40671070770907,210.1665783091591,212.2284698486328,700889,0.0,0.0
2026-01-13 00:00:00+01:00,212.47392562691522,216.40135504687265,211.7375326106732,216.20498657226562,891147,0.0,0.0
2026-01-14 00:00:00+01:00,216.0086222605799,217.28503984305604,211.54116821289062,211.54116821289062,931122,0.0,0.0
2026-01-15 00:00:00+01:00,211.3938896942924,211.63935403091327,208.93924632808358,210.95205688476562,868452,0.0,0.0
2026-01-16 00:00:00+01:00,211.83572140875546,213.84853195503248,211.6393529368647,213.45578002929688,831682,0.0,0.0
2026-01-19 00:00:00+01:00,209.23380574176585,211.88481757091355,204.6681601086104,206.58277893066406,1088437,0.0,0.0
2026-01-20 00:00:00+01:00,205.20818403824245,205.6991127081904,201.37894640543007,204.17723083496094,1473747,0.0,0.0
2026-01-21 00:00:00+01:00,204.71725610178686,204.96272043764034,201.52621973569188,203.63720703125,852125,0.0,0.0
2026-01-22 00:00:00+01:00,203.68630533093,206.43550892176046,202.06624668770266,202.99900817871094,1201938,0.0,0.0
2026-01-23 00:00:00+01:00,201.62442074481368,204.22633683186075,201.47713314734858,203.04811096191406,1485509,0.0,0.0
2026-01-26 00:00:00+01:00,202.9499101099293,202.9499101099293,198.04062338747357,198.72792053222656,1083437,0.0,0.0
2026-01-27 00:00:00+01:00,199.26794520453362,200.0043382134062,195.58598016017064,195.7823486328125,2107630,0.0,0.0
2026-01-28 00:00:00+01:00,194.40775058255,195.09504771448138,187.94712757848737,191.52108764648438,1766584,0.0,0.0
2026-01-29 00:00:00+01:00,192.14948596788653,193.77937281179632,189.34137326621777,190.48033142089844,1008039,0.0,0.0
2026-01-30 00:00:00+01:00,189.30209941521446,191.48182392315766,188.5166105415671,189.89120483398438,987531,0.0,0.0
2026-02-02 00:00:00+01:00,185.9637845391632,190.87307151202342,183.8429839531733,190.28396606445312,1034903,0.0,0.0
2026-02-03 00:00:00+01:00,191.462179194677,192.0709259445579,186.3172413961474,186.78854370117188,1160594,0.0,0.0
2026-02-04 00:00:00+01:00,186.78855558560838,189.10573962923775,184.78555811669824,184.84446716308594,1199040,0.0,0.0
2026-02-05 00:00:00+01:00,184.13751571784013,187.53474864663997,183.60731935561085,186.08160400390625,1107504,0.0,0.0
2026-02-06 00:00:00+01:00,186.6707157149348,188.18278443295935,185.31576275148214,187.82931518554688,830960,0.0,0.0
2026-02-09 00:00:00+01:00,188.9289868124283,190.0286622346228,186.25833365970965,189.63592529296875,781749,0.0,0.0
2026-02-10 00:00:00+01:00,190.3036071619706,190.32323352282924,187.57402982518056,188.1435089111328,684467,0.0,0.0
2026-02-11 00:00:00+01:00,187.53474996783055,187.61330035203898,183.62696199067312,183.8429718017578,1214543,0.0,0.0
2026-02-12 00:00:00+01:00,186.10123175139768,190.02866107171965,185.53176768407042,186.96527099609375,881584,0.0,0.0
2026-02-13 00:00:00+01:00,186.5528926555043,191.0498010236662,186.4547009297462,188.92898559570312,1255279,0.0,0.0
2026-02-16 00:00:00+01:00,189.45920305276363,194.62376738035925,189.3610113238393,193.6222686767578,1033410,0.0,0.0
2026-02-17 00:00:00+01:00,193.34734532540622,193.7597236097968,190.32322292458787,192.93496704101562,868554,0.0,0.0
2026-02-18 00:00:00+01:00,192.93497200489315,197.54969861879744,192.93497200489315,197.00967407226562,1043680,0.0,0.0
2026-02-19 00:00:00+01:00,189.63593257554643,191.0890772938162,181.1526854652332,183.7055206298828,3076080,0.0,0.0
2026-02-20 00:00:00+01:00,184.1178981218384,188.24169607730835,183.8233379146003,186.29762268066406,1763474,0.0,0.0
2026-02-23 00:00:00+01:00,183.03784316523624,184.6284472586849,179.81735229492188,179.81735229492188,1598697,0.0,0.0
2026-02-24 00:00:00+01:00,179.1300596784945,181.07413306202312,176.91105244996518,179.52279663085938,1321372,0.0,0.0
2026-02-25 00:00:00+01:00,180.72066308891672,181.3490511993585,178.2463783494471,181.13304138183594,987350,0.0,0.0
2026-02-26 00:00:00+01:00,182.13454224818975,184.8248368371653,181.30978565254628,183.35205078125,992335,0.0,0.0
2026-02-27 00:00:00+01:00,183.46986131314003,183.68587112433173,180.3671885541627,180.89739990234375,1582757,0.0,0.0
2026-03-02 00:00:00+01:00,176.69506025597224,178.8355021476932,174.4760529942581,177.00924682617188,1477077,0.0,0.0
2026-03-03 00:00:00+01:00,177.6179854871044,177.63762682870487,170.31297951688572,172.23741149902344,1702729,0.0,0.0
2026-03-04 00:00:00+01:00,172.35523585348307,175.1240808236547,171.27520173743702,173.98512268066406,1340936,0.0,0.0
2026-03-05 00:00:00+01:00,175.20262401802142,178.63912466626834,172.57123858817636,172.68907165527344,1650722,0.0,0.0
2026-03-06 00:00:00+01:00,173.94585053062602,175.08480864449635,169.46858344239547,172.3159637451172,1686006,0.0,0.0
2026-03-09 00:00:00+01:00,166.03208094716916,172.90508227585465,163.5774376154958,172.23741149902344,1407571,0.0,0.0
2026-03-10 00:00:00+01:00,176.73433083560357,176.93069931791882,172.9443606972952,174.67242431640625,1230389,0.0,0.0
2026-03-11 00:00:00+01:00,172.33561074518704,174.06367433258828,170.88245104241884,173.710205078125,1049393,0.0,0.0
2026-03-12 00:00:00+01:00,173.51383187228902,174.5742396067896,166.48372965946336,168.91873168945312,1525688,0.0,0.0
2026-03-13 00:00:00+01:00,168.6438172746874,168.74200900493324,164.99130664246968,165.3251495361328,1548285,0.0,0.0
2026-03-16 00:00:00+01:00,166.44446047581587,167.76014571577906,164.50037215556142,166.87648010253906,855483,0.0,0.0
2026-03-17 00:00:00+01:00,165.87498202279573,169.4685834959952,165.24659392217785,167.22994995117188,1044716,0.0,0.0
2026-03-18 00:00:00+01:00,168.85982506789736,170.94137286486713,167.0728524581277,167.21031188964844,1707247,0.0,0.0
2026-03-19 00:00:00+01:00,164.77530624116287,164.9913010728942,158.86452085041103,160.98533630371094,1962764,0.0,0.0
2026-03-20 00:00:00+01:00,162.2028366821125,163.007966927545,156.7829797327745,158.00048828125,3167914,0.0,0.0
2026-03-23 00:00:00+01:00,155.3691131156065,167.2299517516804,155.01564386883112,163.3810577392578,2108959,0.0,0.0
2026-03-24 00:00:00+01:00,162.98832465243973,163.40070295312339,158.62887549956292,161.57444763183594,1186305,0.0,0.0
2026-03-25 00:00:00+01:00,164.75567231201444,166.11062531651146,163.47925471425097,165.40370178222656,1202507,0.0,0.0
2026-03-26 00:00:00+01:00,163.7541684944992,163.81307753869592,160.39621813769736,160.43548583984375,1311132,0.0,0.0
2026-03-27 00:00:00+01:00,160.96569401871332,161.35843096022867,157.05790601740588,157.50955200195312,1717713,0.0,0.0
2026-03-30 00:00:00+02:00,156.44915400180474,158.15759126564618,154.9371002028764,156.29205322265625,1497455,0.0,0.0
2026-03-31 00:00:00+02:00,155.60475554507826,159.13944815487238,154.56398910495966,157.90231323242188,1597791,0.0,0.0
2026-04-01 00:00:00+02:00,164.77531591055066,165.79644101356843,161.4959008112261,164.85385131835938,2248144,0.0,0.0
2026-04-02 00:00:00+02:00,161.16206355619627,164.16654462634176,159.7874692698402,162.1439208984375,1217733,0.0,0.0
2026-04-07 00:00:00+02:00,164.87347872999095,164.95202911311733,157.90230077450164,159.6696319580078,1190807,0.0,0.0
2026-04-08 00:00:00+02:00,171.62867625221494,173.16037139674452,169.44895162901366,172.080322265625,2385184,0.0,0.0
2026-04-09 00:00:00+02:00,170.6468048641451,171.19664256511044,165.874977699405,167.70123291015625,1551743,0.0,0.0
2026-04-10 00:00:00+02:00,167.544136720101,169.56676045330903,166.18916879002978,166.42481994628906,1278545,0.0,0.0
2026-04-13 00:00:00+02:00,164.63783906907247,167.4066840851624,162.1831956074132,167.36741638183594,966994,0.0,0.0
2026-04-14 00:00:00+02:00,168.52599594249858,171.13774010447574,167.93687553626393,169.62567138671875,907089,0.0,0.0
2026-04-15 00:00:00+02:00,169.1151145390006,169.4293010988638,166.99429907759617,168.5652618408203,926859,0.0,0.0
2026-04-16 00:00:00+02:00,169.5078500575213,172.86580035216977,166.01244033497335,168.6634521484375,1240790,0.0,0.0
2026-04-17 00:00:00+02:00,167.87796731784172,178.65877192406995,167.6619574999567,176.2237548828125,1859573,0.0,0.0
2026-04-20 00:00:00+02:00,173.33709372768422,174.5938849462771,172.06069113062821,173.1800079345703,1273934,0.0,0.0
2026-04-21 00:00:00+02:00,173.82000732421875,175.52000427246094,168.63999938964844,170.52000427246094,1746623,3.2,0.0
2026-04-22 00:00:00+02:00,171.0,171.6999969482422,166.24000549316406,166.24000549316406,1162398,0.0,0.0
2026-04-23 00:00:00+02:00,165.3000030517578,169.27999877929688,163.86000061035156,168.16000366210938,1024839,0.0,0.0
2026-04-24 00:00:00+02:00,165.1199951171875,167.9600067138672,162.22999572753906,165.9199981689453,1424533,0.0,0.0
2026-04-27 00:00:00+02:00,165.97999572753906,167.44000244140625,164.9199981689453,165.55999755859375,1049454,0.0,0.0
2026-04-28 00:00:00+02:00,165.27999877929688,167.33999633789062,164.3800048828125,166.10000610351562,961853,0.0,0.0
2026-04-29 00:00:00+02:00,166.10000610351562,176.52000427246094,166.10000610351562,174.6199951171875,2334773,0.0,0.0
2026-04-30 00:00:00+02:00,172.4199981689453,177.72000122070312,171.82000732421875,174.8800048828125,1997905,0.0,0.0
2026-05-04 00:00:00+02:00,174.74000549316406,179.6199951171875,174.1999969482422,176.17999267578125,1934397,0.0,0.0
2026-05-05 00:00:00+02:00,176.1999969482422,180.86000061035156,174.66000366210938,177.86000061035156,1401883,0.0,0.0
2026-05-06 00:00:00+02:00,179.8000030517578,191.9199981689453,179.3000030517578,188.5,2670945,0.0,0.0
2026-05-07 00:00:00+02:00,188.86000061035156,190.8000030517578,183.44000244140625,183.44000244140625,1289497,0.0,0.0
2026-05-08 00:00:00+02:00,181.74000549316406,183.0399932861328,178.33999633789062,179.8800048828125,1218981,0.0,0.0
2026-05-11 00:00:00+02:00,178.97999572753906,179.3800048828125,174.24000549316406,175.47999572753906,1581999,0.0,0.0
2026-05-12 00:00:00+02:00,173.3800048828125,174.60000610351562,171.67999267578125,172.52000427246094,1358080,0.0,0.0
2026-05-13 00:00:00+02:00,173.94000244140625,174.47999572753906,170.89999389648438,173.44000244140625,906709,0.0,0.0
2026-05-14 00:00:00+02:00,174.1999969482422,174.82000732421875,171.82000732421875,172.74000549316406,930425,0.0,0.0
2026-05-15 00:00:00+02:00,170.66000366210938,171.82000732421875,167.47999572753906,167.67999267578125,1020719,0.0,0.0
