Date,Open,High,Low,Close,Volume
2024-06-19 00:00:00+02:00,673.06,677.25,669.54,673.06,302306
2024-06-20 00:00:00+02:00,673.72,681.44,672.3,679.34,375045
2024-06-21 00:00:00+02:00,678.48,684.96,676.29,682.86,902570
2024-06-24 00:00:00+02:00,683.53,695.14,682.29,691.62,262912
2024-06-25 00:00:00+02:00,687.43,702.38,686.48,701.43,315702
2024-06-26 00:00:00+02:00,703.14,706.19,685.72,692.1,314903
2024-06-27 00:00:00+02:00,691.72,700.28,680.29,681.15,288905
2024-06-28 00:00:00+02:00,680.1,683.34,675.34,679.34,397918
2024-07-01 00:00:00+02:00,695.14,697.24,677.25,677.82,302616
2024-07-02 00:00:00+02:00,677.72,680.39,669.34,675.53,270194
2024-07-03 00:00:00+02:00,679.72,690.76,678.2,680.48,323582
2024-07-04 00:00:00+02:00,685.24,687.62,682.96,685.24,177633
2024-07-05 00:00:00+02:00,689.15,691.15,678.39,682.01,172452
2024-07-08 00:00:00+02:00,676.87,684.77,662.3,662.3,475097
2024-07-09 00:00:00+02:00,663.54,664.78,652.69,653.92,472423
2024-07-10 00:00:00+02:00,655.45,666.49,652.49,664.11,328745
2024-07-11 00:00:00+02:00,671.44,678.29,668.3,675.91,304957
2024-07-12 00:00:00+02:00,679.91,693.91,679.53,690.0,319569
2024-07-15 00:00:00+02:00,684.2,686.48,667.16,671.72,268855
2024-07-16 00:00:00+02:00,668.39,669.92,658.78,658.87,301037
2024-07-17 00:00:00+02:00,660.11,663.63,652.11,657.06,411556
2024-07-18 00:00:00+02:00,665.06,666.11,657.16,657.16,297447
2024-07-19 00:00:00+02:00,656.87,660.4,645.45,647.16,531464
2024-07-22 00:00:00+02:00,652.4,662.59,651.92,658.87,300825
2024-07-23 00:00:00+02:00,658.21,668.68,653.73,658.4,278780
2024-07-24 00:00:00+02:00,629.46,640.4,615.46,627.74,884635
2024-07-25 00:00:00+02:00,625.46,626.98,617.75,621.27,454726
2024-07-26 00:00:00+02:00,619.37,634.31,618.98,631.27,354343
2024-07-29 00:00:00+02:00,633.65,634.41,619.56,623.27,285420
2024-07-30 00:00:00+02:00,625.08,630.12,619.56,621.08,373851
2024-07-31 00:00:00+02:00,629.27,629.65,618.89,621.65,521957
2024-08-01 00:00:00+02:00,616.6,617.84,608.8,611.18,501010
2024-08-02 00:00:00+02:00,606.89,609.94,597.18,600.23,523366
2024-08-05 00:00:00+02:00,591.19,596.42,582.14,594.33,724542
2024-08-06 00:00:00+02:00,594.04,595.66,585.66,592.04,421207
2024-08-07 00:00:00+02:00,597.28,604.51,591.28,601.09,365579
2024-08-08 00:00:00+02:00,597.37,603.56,591.47,602.9,282647
2024-08-09 00:00:00+02:00,604.7,611.46,602.04,605.47,256475
2024-08-12 00:00:00+02:00,609.27,610.7,603.75,604.61,260891
2024-08-13 00:00:00+02:00,608.32,609.75,595.57,603.75,247798
2024-08-14 00:00:00+02:00,610.8,615.08,607.66,613.27,385129
2024-08-15 00:00:00+02:00,613.37,627.74,610.32,624.51,317095
2024-08-16 00:00:00+02:00,627.17,630.22,622.98,626.51,293393
2024-08-19 00:00:00+02:00,629.17,643.83,628.41,642.12,372040
2024-08-20 00:00:00+02:00,643.45,647.35,642.5,645.26,282425
2024-08-21 00:00:00+02:00,642.59,648.78,642.59,646.21,233343
2024-08-22 00:00:00+02:00,648.21,652.69,645.45,645.45,201641
2024-08-23 00:00:00+02:00,645.45,648.69,641.07,648.4,263102
2024-08-26 00:00:00+02:00,648.78,653.07,648.21,649.26,144375
2024-08-27 00:00:00+02:00,651.07,653.45,636.22,637.64,293654
2024-08-28 00:00:00+02:00,640.5,641.74,633.84,634.22,282346
2024-08-29 00:00:00+02:00,635.74,645.07,634.98,644.88,267209
2024-08-30 00:00:00+02:00,646.12,654.97,641.93,641.93,410037
2024-09-02 00:00:00+02:00,638.69,641.07,630.41,640.88,212577
2024-09-03 00:00:00+02:00,644.97,648.78,637.83,638.69,250244
2024-09-04 00:00:00+02:00,621.27,628.12,610.51,611.75,577522
2024-09-05 00:00:00+02:00,610.04,610.13,587.76,589.47,745288
2024-09-06 00:00:00+02:00,589.28,592.33,582.62,582.62,546371
2024-09-09 00:00:00+02:00,582.62,590.42,579.29,586.62,402861
2024-09-10 00:00:00+02:00,584.52,591.0,581.29,583.0,324128
2024-09-11 00:00:00+02:00,583.0,589.57,573.48,577.86,453877
2024-09-12 00:00:00+02:00,587.09,587.85,574.05,577.67,438724
2024-09-13 00:00:00+02:00,576.91,585.38,576.91,578.91,545500
2024-09-16 00:00:00+02:00,579.1,584.05,574.24,574.62,338885
2024-09-17 00:00:00+02:00,579.0,582.52,574.53,578.52,519693
2024-09-18 00:00:00+02:00,579.67,580.24,567.29,567.29,674035
2024-09-19 00:00:00+02:00,581.67,588.71,578.14,584.52,488717
2024-09-20 00:00:00+02:00,576.91,577.76,563.48,563.48,1100069
2024-09-23 00:00:00+02:00,561.67,566.53,554.15,566.53,488038
2024-09-24 00:00:00+02:00,587.28,593.38,580.62,584.62,615136
2024-09-25 00:00:00+02:00,584.52,591.09,581.76,587.85,356730
2024-09-26 00:00:00+02:00,614.99,645.93,612.61,645.93,1241572
2024-09-27 00:00:00+02:00,666.39,669.63,649.73,669.63,1037670
2024-09-30 00:00:00+02:00,665.82,673.82,654.59,655.45,653733
2024-10-01 00:00:00+02:00,647.35,653.16,628.69,632.12,602354
2024-10-02 00:00:00+02:00,636.88,643.64,629.55,636.31,404963
2024-10-03 00:00:00+02:00,633.45,633.55,622.79,629.27,338628
2024-10-04 00:00:00+02:00,626.7,637.07,624.79,630.12,468425
2024-10-07 00:00:00+02:00,634.03,649.16,632.41,647.16,549344
2024-10-08 00:00:00+02:00,608.61,628.12,602.99,624.03,503394
2024-10-09 00:00:00+02:00,627.08,629.17,617.27,624.89,360690
2024-10-10 00:00:00+02:00,624.89,627.65,619.75,623.55,374144
2024-10-11 00:00:00+02:00,618.79,623.36,615.08,621.75,344991
2024-10-14 00:00:00+02:00,620.32,620.89,601.94,607.18,569992
2024-10-15 00:00:00+02:00,607.08,608.32,591.85,595.38,638849
2024-10-16 00:00:00+02:00,559.68,581.19,551.01,573.48,1140718
2024-10-17 00:00:00+02:00,576.24,584.14,569.77,580.14,448798
2024-10-18 00:00:00+02:00,585.66,600.52,585.66,593.28,593408
2024-10-21 00:00:00+02:00,591.0,595.66,580.43,581.67,343944
2024-10-22 00:00:00+02:00,583.0,589.95,580.05,586.43,317511
2024-10-23 00:00:00+02:00,581.95,588.14,579.95,584.14,277957
2024-10-24 00:00:00+02:00,583.76,605.09,583.76,598.52,517019
2024-10-25 00:00:00+02:00,596.52,598.61,591.66,596.9,320113
2024-10-28 00:00:00+01:00,602.04,608.8,598.04,601.75,339359
2024-10-29 00:00:00+01:00,601.18,613.56,599.75,600.61,361684
2024-10-30 00:00:00+01:00,594.14,595.85,579.38,588.43,536640
2024-10-31 00:00:00+01:00,585.47,587.66,576.24,580.52,525312
2024-11-01 00:00:00+01:00,581.38,584.62,579.19,581.67,263325
2024-11-04 00:00:00+01:00,581.67,589.09,577.19,577.57,239750
2024-11-05 00:00:00+01:00,581.29,581.48,570.53,573.67,310746
2024-11-06 00:00:00+01:00,576.43,597.28,568.53,574.15,508054
2024-11-07 00:00:00+01:00,572.81,593.66,570.24,589.28,461210
2024-11-08 00:00:00+01:00,591.66,591.95,566.82,569.67,645633
2024-11-11 00:00:00+01:00,572.15,577.57,568.91,570.72,386814
2024-11-12 00:00:00+01:00,557.2,562.91,538.54,544.92,962644
2024-11-13 00:00:00+01:00,544.44,550.63,542.54,546.44,550029
2024-11-14 00:00:00+01:00,544.54,559.01,538.26,556.34,590102
2024-11-15 00:00:00+01:00,553.11,563.1,551.87,558.15,370430
2024-11-18 00:00:00+01:00,561.1,561.87,554.25,560.34,288165
2024-11-19 00:00:00+01:00,560.15,563.1,541.87,549.58,501362
2024-11-20 00:00:00+01:00,554.53,557.39,547.78,547.78,301138
2024-11-21 00:00:00+01:00,542.83,548.54,539.68,547.3,361231
2024-11-22 00:00:00+01:00,551.87,557.01,543.3,555.01,412214
2024-11-25 00:00:00+01:00,564.53,571.29,561.96,564.05,617916
2024-11-26 00:00:00+01:00,561.01,578.52,553.39,567.39,379593
2024-11-27 00:00:00+01:00,563.29,566.63,558.53,561.77,386614
2024-11-28 00:00:00+01:00,561.29,564.44,557.87,558.34,260194
2024-11-29 00:00:00+01:00,556.82,564.63,555.39,564.05,440017
2024-12-02 00:00:00+01:00,562.23,585.0,559.44,582.41,617665
2024-12-03 00:00:00+01:00,586.16,595.96,581.74,585.39,495066
2024-12-04 00:00:00+01:00,586.25,590.48,583.08,586.35,443542
2024-12-05 00:00:00+01:00,582.31,590.0,581.06,585.39,408680
2024-12-06 00:00:00+01:00,585.29,609.51,584.71,605.76,544275
2024-12-09 00:00:00+01:00,614.98,633.05,614.98,627.09,746422
2024-12-10 00:00:00+01:00,616.9,619.98,609.84,611.14,481366
2024-12-11 00:00:00+01:00,606.33,620.56,604.03,618.63,437445
2024-12-12 00:00:00+01:00,627.09,629.4,611.91,620.75,469338
2024-12-13 00:00:00+01:00,617.77,623.25,611.33,614.02,423295
2024-12-16 00:00:00+01:00,606.24,613.16,602.88,606.53,403172
2024-12-17 00:00:00+01:00,602.49,615.46,601.24,610.76,410131
2024-12-18 00:00:00+01:00,612.0,614.6,606.62,611.62,441362
2024-12-19 00:00:00+01:00,599.99,608.26,599.42,602.97,465932
2024-12-20 00:00:00+01:00,601.24,607.97,592.98,603.55,764729
2024-12-23 00:00:00+01:00,601.82,604.89,599.13,604.61,264215
2024-12-24 00:00:00+01:00,605.85,608.45,605.28,606.14,76311
2024-12-27 00:00:00+01:00,605.95,613.06,605.37,610.76,254536
2024-12-30 00:00:00+01:00,607.58,611.24,603.45,604.7,292211
2024-12-31 00:00:00+01:00,601.15,612.77,598.74,610.66,99667
2025-01-02 00:00:00+01:00,612.97,614.41,595.09,610.56,374039
2025-01-03 00:00:00+01:00,610.18,610.95,585.77,587.4,415336
2025-01-06 00:00:00+01:00,590.67,618.73,589.33,609.79,611624
2025-01-07 00:00:00+01:00,611.43,620.94,607.68,619.31,432713
2025-01-08 00:00:00+01:00,618.54,619.79,605.66,610.85,380525
2025-01-09 00:00:00+01:00,605.66,623.73,605.09,622.67,408809
2025-01-10 00:00:00+01:00,619.88,629.4,617.29,619.79,410414
2025-01-13 00:00:00+01:00,616.9,623.25,613.64,621.13,293771
2025-01-14 00:00:00+01:00,631.99,636.51,625.55,625.55,466755
2025-01-15 00:00:00+01:00,623.05,627.86,612.29,612.29,528879
2025-01-16 00:00:00+01:00,663.03,673.31,651.5,668.31,1078089
2025-01-17 00:00:00+01:00,664.09,672.16,658.8,663.12,714731
2025-01-20 00:00:00+01:00,663.03,668.99,654.28,656.4,418509
2025-01-21 00:00:00+01:00,657.26,673.89,656.4,673.89,521381
2025-01-22 00:00:00+01:00,672.64,686.38,670.52,685.9,617979
2025-01-23 00:00:00+01:00,687.15,693.2,681.19,692.43,575485
2025-01-24 00:00:00+01:00,720.68,720.68,696.85,705.4,713005
2025-01-27 00:00:00+01:00,706.46,725.3,700.12,725.3,633190
2025-01-28 00:00:00+01:00,720.01,732.89,717.13,721.26,567637
2025-01-29 00:00:00+01:00,692.34,693.97,672.64,685.32,984398
2025-01-30 00:00:00+01:00,690.32,690.8,683.02,687.82,420057
2025-01-31 00:00:00+01:00,688.88,689.93,671.48,676.0,578611
2025-02-03 00:00:00+01:00,658.32,666.68,656.59,663.12,695311
2025-02-04 00:00:00+01:00,665.24,668.12,656.21,665.62,370853
2025-02-05 00:00:00+01:00,661.11,664.66,653.42,659.18,356956
2025-02-06 00:00:00+01:00,658.03,672.06,652.46,669.66,485215
2025-02-07 00:00:00+01:00,667.83,668.79,656.11,657.46,401010
2025-02-10 00:00:00+01:00,657.65,660.24,652.27,658.51,336364
2025-02-11 00:00:00+01:00,655.25,660.43,651.31,658.42,297413
2025-02-12 00:00:00+01:00,661.01,664.09,645.73,660.91,443368
2025-02-13 00:00:00+01:00,671.48,681.09,667.35,679.56,501427
2025-02-14 00:00:00+01:00,691.86,694.74,683.3,685.13,594098
2025-02-17 00:00:00+01:00,680.32,682.53,671.0,674.08,336521
2025-02-18 00:00:00+01:00,677.63,679.94,671.87,677.54,338875
2025-02-19 00:00:00+01:00,675.42,676.29,661.59,663.89,426698
2025-02-20 00:00:00+01:00,658.8,672.25,658.7,668.31,333595
2025-02-21 00:00:00+01:00,668.31,679.46,668.31,674.94,459121
2025-02-24 00:00:00+01:00,673.98,674.46,661.59,665.05,364363
2025-02-25 00:00:00+01:00,662.16,663.51,656.49,657.46,348738
2025-02-26 00:00:00+01:00,666.87,679.27,665.53,672.93,384656
2025-02-27 00:00:00+01:00,662.07,670.62,659.18,666.01,394320
2025-02-28 00:00:00+01:00,656.78,667.74,653.61,667.74,864547
2025-03-03 00:00:00+01:00,664.18,673.5,658.22,663.8,481251
2025-03-04 00:00:00+01:00,654.28,656.21,636.22,641.31,615046
2025-03-05 00:00:00+01:00,653.71,654.76,638.33,638.33,593863
2025-03-06 00:00:00+01:00,643.62,643.62,621.04,627.47,639967
2025-03-07 00:00:00+01:00,622.38,622.48,604.03,609.89,809708
2025-03-10 00:00:00+01:00,611.33,614.98,600.28,605.66,643780
2025-03-11 00:00:00+01:00,610.95,610.95,592.4,596.53,538927
2025-03-12 00:00:00+01:00,600.09,600.95,581.93,587.89,594281
2025-03-13 00:00:00+01:00,582.31,592.69,575.2,581.35,696157
2025-03-14 00:00:00+01:00,580.39,595.19,576.64,581.45,583739
2025-03-17 00:00:00+01:00,581.74,587.31,576.55,585.87,431806
2025-03-18 00:00:00+01:00,588.65,592.11,584.43,586.16,456803
2025-03-19 00:00:00+01:00,584.14,590.77,581.54,586.73,412984
2025-03-20 00:00:00+01:00,581.93,587.31,577.6,580.87,443424
2025-03-21 00:00:00+01:00,577.41,578.95,570.3,578.95,1133127
2025-03-24 00:00:00+01:00,582.02,585.58,572.41,572.99,416599
2025-03-25 00:00:00+01:00,574.62,581.83,572.9,574.91,455181
2025-03-26 00:00:00+01:00,573.47,576.64,568.67,571.26,427920
2025-03-27 00:00:00+01:00,567.42,571.17,563.29,566.07,500514
2025-03-28 00:00:00+01:00,561.84,566.94,558.1,564.15,619971
2025-03-31 00:00:00+02:00,557.33,559.25,545.7,549.35,657683
2025-04-01 00:00:00+02:00,556.46,556.66,549.74,552.62,485067
2025-04-02 00:00:00+02:00,550.31,555.41,548.97,552.72,423436
2025-04-03 00:00:00+02:00,539.74,540.99,520.14,521.68,907025
2025-04-04 00:00:00+02:00,522.93,526.48,501.31,509.28,1173669
2025-04-07 00:00:00+02:00,480.46,518.51,463.69,487.76,1529400
2025-04-08 00:00:00+02:00,497.18,506.21,481.7,499.48,902072
2025-04-09 00:00:00+02:00,477.28,490.64,474.83,478.92,984156
2025-04-10 00:00:00+02:00,526.0,526.58,500.06,503.71,912107
2025-04-11 00:00:00+02:00,507.55,511.2,492.76,503.9,574896
2025-04-14 00:00:00+02:00,514.09,515.05,504.09,509.38,593484
2025-04-15 00:00:00+02:00,481.42,482.76,465.8,469.55,1693077
2025-04-16 00:00:00+02:00,464.12,469.89,460.56,466.23,1094429
2025-04-17 00:00:00+02:00,463.26,474.02,462.15,466.62,902702
2025-04-22 00:00:00+02:00,470.32,470.65,452.83,468.25,809138
2025-04-23 00:00:00+02:00,473.1,494.97,472.62,480.74,844261
2025-04-24 00:00:00+02:00,478.26,489.52,474.16,487.47,605877
2025-04-25 00:00:00+02:00,491.67,494.11,485.08,486.6,561897
2025-04-28 00:00:00+02:00,490.01,494.69,488.84,489.72,517430
2025-04-29 00:00:00+02:00,487.47,490.89,477.33,477.33,711370
2025-04-30 00:00:00+02:00,478.89,481.28,471.38,475.96,889223
2025-05-02 00:00:00+02:00,484.06,485.62,474.06,483.72,793013
2025-05-05 00:00:00+02:00,484.65,485.72,478.55,480.21,389637
2025-05-06 00:00:00+02:00,479.96,480.89,472.55,477.13,476847
2025-05-07 00:00:00+02:00,477.13,478.99,470.21,471.67,542053
2025-05-08 00:00:00+02:00,473.91,484.55,470.55,475.38,673673
2025-05-09 00:00:00+02:00,480.35,486.06,479.43,483.62,503875
2025-05-12 00:00:00+02:00,496.55,523.28,495.86,517.52,924869
2025-05-13 00:00:00+02:00,518.98,527.86,517.23,523.76,627140
2025-05-14 00:00:00+02:00,524.74,524.74,508.45,512.35,585731
2025-05-15 00:00:00+02:00,506.21,508.25,493.43,494.89,585025
2025-05-16 00:00:00+02:00,494.21,498.21,487.04,491.57,793318
2025-05-19 00:00:00+02:00,489.23,493.13,479.43,486.4,565393
2025-05-20 00:00:00+02:00,486.79,493.23,480.74,492.55,491158
2025-05-21 00:00:00+02:00,486.21,489.82,478.3,481.57,582521
2025-05-22 00:00:00+02:00,474.26,479.91,465.92,473.23,762477
2025-05-23 00:00:00+02:00,474.89,477.87,455.38,467.28,830264
2025-05-26 00:00:00+02:00,475.13,476.74,468.5,471.62,318156
2025-05-27 00:00:00+02:00,464.11,473.13,463.77,470.11,440665
2025-05-28 00:00:00+02:00,473.13,474.21,469.92,471.82,533957
2025-05-29 00:00:00+02:00,482.99,485.48,467.48,469.48,367399
2025-05-30 00:00:00+02:00,469.33,471.67,465.48,466.55,930255
2025-06-02 00:00:00+02:00,460.31,467.18,455.92,465.53,432937
2025-06-03 00:00:00+02:00,464.16,466.06,454.6,462.01,594655
2025-06-04 00:00:00+02:00,463.38,467.57,459.38,464.99,529986
2025-06-05 00:00:00+02:00,469.38,472.11,456.26,458.6,545281
2025-06-06 00:00:00+02:00,456.55,462.55,456.26,459.72,289488
2025-06-09 00:00:00+02:00,459.48,465.67,458.94,460.01,390447
2025-06-10 00:00:00+02:00,455.33,463.77,454.75,463.23,524847
2025-06-11 00:00:00+02:00,465.18,470.94,458.99,459.09,637539
2025-06-12 00:00:00+02:00,456.55,460.75,451.62,457.38,525876
2025-06-13 00:00:00+02:00,448.75,451.92,446.06,450.11,574846
2025-06-16 00:00:00+02:00,450.01,458.11,450.01,455.92,428699
2025-06-17 00:00:00+02:00,450.11,455.82,447.92,449.43,409249
2025-06-18 00:00:00+02:00,448.55,454.79,448.36,452.7,380815
2025-06-19 00:00:00+02:00,444.84,448.55,439.53,441.48,475583
2025-06-20 00:00:00+02:00,443.62,445.82,437.72,438.94,1523772
2025-06-23 00:00:00+02:00,434.8,440.26,433.16,438.8,399236
2025-06-24 00:00:00+02:00,453.72,455.77,438.99,442.45,513993
2025-06-25 00:00:00+02:00,442.55,444.84,432.99,433.92,480189
2025-06-26 00:00:00+02:00,434.41,438.8,425.87,426.85,561542
2025-06-27 00:00:00+02:00,430.31,438.31,429.53,438.31,536063
2025-06-30 00:00:00+02:00,438.94,441.87,433.72,433.72,627500
2025-07-01 00:00:00+02:00,435.58,457.57,435.58,457.57,676415
2025-07-02 00:00:00+02:00,462.6,480.6,454.75,476.55,1092297
2025-07-03 00:00:00+02:00,482.89,483.13,473.18,474.01,600087
2025-07-04 00:00:00+02:00,470.89,471.77,463.28,465.67,359252
2025-07-07 00:00:00+02:00,466.31,467.43,459.09,463.72,327388
2025-07-08 00:00:00+02:00,463.14,473.04,461.28,470.84,417527
2025-07-09 00:00:00+02:00,471.52,477.62,467.92,475.91,459382
2025-07-10 00:00:00+02:00,477.77,492.65,476.35,492.65,685442
2025-07-11 00:00:00+02:00,488.74,489.04,475.77,475.77,483687
2025-07-14 00:00:00+02:00,469.72,472.31,465.77,467.82,416095
2025-07-15 00:00:00+02:00,467.72,474.6,465.67,465.67,414119
2025-07-16 00:00:00+02:00,462.75,467.67,458.06,463.96,402058
2025-07-17 00:00:00+02:00,467.62,473.48,460.7,465.18,429162
2025-07-18 00:00:00+02:00,469.23,472.55,459.09,461.18,451192
2025-07-21 00:00:00+02:00,462.55,463.23,453.92,457.33,352498
2025-07-22 00:00:00+02:00,454.75,458.7,452.21,454.16,413256
2025-07-23 00:00:00+02:00,465.48,469.09,461.77,468.21,466961
2025-07-24 00:00:00+02:00,471.43,471.67,452.4,458.75,522409
2025-07-25 00:00:00+02:00,453.58,482.3,448.84,476.74,1004012
2025-07-28 00:00:00+02:00,483.62,487.96,475.62,477.23,667768
2025-07-29 00:00:00+02:00,477.04,477.48,463.18,463.18,699038
2025-07-30 00:00:00+02:00,463.18,475.23,463.18,468.99,503050
2025-07-31 00:00:00+02:00,467.57,469.28,458.7,460.79,570240
2025-08-01 00:00:00+02:00,458.5,459.67,448.75,450.36,565862
2025-08-04 00:00:00+02:00,450.84,454.6,447.48,450.99,409317
2025-08-05 00:00:00+02:00,452.11,453.14,440.55,445.33,524030
2025-08-06 00:00:00+02:00,447.77,449.58,441.33,446.5,288926
2025-08-07 00:00:00+02:00,448.75,457.53,446.6,449.82,317921
2025-08-08 00:00:00+02:00,453.28,455.14,446.94,450.06,237798
2025-08-11 00:00:00+02:00,453.62,456.4,444.36,446.8,325684
2025-08-12 00:00:00+02:00,448.75,450.75,439.14,445.97,406963
2025-08-13 00:00:00+02:00,448.31,458.84,447.62,458.11,400911
2025-08-14 00:00:00+02:00,459.87,461.43,451.92,461.33,468887
2025-08-15 00:00:00+02:00,462.4,465.53,459.43,464.45,436434
2025-08-18 00:00:00+02:00,465.48,465.92,458.36,464.21,374669
2025-08-19 00:00:00+02:00,463.92,479.28,463.43,477.91,403634
2025-08-20 00:00:00+02:00,473.91,486.6,473.09,481.48,408762
2025-08-21 00:00:00+02:00,480.11,481.48,470.74,473.13,318262
2025-08-22 00:00:00+02:00,469.96,486.4,469.67,482.99,423115
2025-08-25 00:00:00+02:00,483.13,483.48,474.21,476.11,286199
2025-08-26 00:00:00+02:00,471.28,483.23,470.84,474.35,2474373
2025-08-27 00:00:00+02:00,474.89,494.69,474.31,489.72,518343
2025-08-28 00:00:00+02:00,490.4,512.64,490.4,500.55,638110
2025-08-29 00:00:00+02:00,497.52,502.99,491.77,491.77,452290
2025-09-01 00:00:00+02:00,493.13,496.45,489.43,491.38,206296
2025-09-02 00:00:00+02:00,499.57,510.89,498.89,500.45,566516
2025-09-03 00:00:00+02:00,505.42,511.96,503.86,508.06,594776
2025-09-04 00:00:00+02:00,504.16,507.28,486.69,486.89,595875
2025-09-05 00:00:00+02:00,487.77,490.79,478.6,484.11,518330
2025-09-08 00:00:00+02:00,485.96,487.13,480.79,484.01,294081
2025-09-09 00:00:00+02:00,483.33,491.18,475.96,479.96,339904
2025-09-10 00:00:00+02:00,479.23,485.67,474.7,477.77,431683
2025-09-11 00:00:00+02:00,478.84,481.38,471.72,475.43,357770
2025-09-12 00:00:00+02:00,474.6,482.06,471.23,478.65,382126
2025-09-15 00:00:00+02:00,480.74,493.82,480.26,491.86,420577
2025-09-16 00:00:00+02:00,491.47,503.47,490.3,495.28,559413
2025-09-17 00:00:00+02:00,497.62,499.77,491.18,498.79,508171
2025-09-18 00:00:00+02:00,497.13,512.45,496.84,504.94,529829
2025-09-19 00:00:00+02:00,501.43,509.03,498.11,498.11,884978
2025-09-22 00:00:00+02:00,498.11,500.35,490.21,494.6,286999
2025-09-23 00:00:00+02:00,497.52,517.13,495.18,510.4,502090
2025-09-24 00:00:00+02:00,508.55,508.84,495.28,496.64,530170
2025-09-25 00:00:00+02:00,496.64,501.62,492.26,494.4,394947
2025-09-26 00:00:00+02:00,497.52,507.67,496.35,503.08,395227
2025-09-29 00:00:00+02:00,506.4,512.94,501.82,510.3,398489
2025-09-30 00:00:00+02:00,509.23,511.57,504.06,507.77,461947
2025-10-01 00:00:00+02:00,510.5,516.84,508.94,511.18,381637
2025-10-02 00:00:00+02:00,520.74,531.28,520.25,529.62,561065
2025-10-03 00:00:00+02:00,529.62,539.57,526.4,539.57,586960
2025-10-06 00:00:00+02:00,537.52,537.91,524.55,527.18,600595
2025-10-07 00:00:00+02:00,532.64,549.42,531.67,546.3,689135
2025-10-08 00:00:00+02:00,542.1,562.79,541.23,561.42,651388
2025-10-09 00:00:00+02:00,570.69,570.98,545.13,545.52,535910
2025-10-10 00:00:00+02:00,548.25,553.81,530.5,532.64,582762
2025-10-13 00:00:00+02:00,534.79,543.47,522.79,527.18,518104
2025-10-14 00:00:00+02:00,520.94,522.89,514.5,519.77,448092
2025-10-15 00:00:00+02:00,587.27,596.83,571.18,583.27,1376612
2025-10-16 00:00:00+02:00,584.05,593.03,578.78,587.47,553170
2025-10-17 00:00:00+02:00,582.39,593.13,579.57,590.88,429369
2025-10-20 00:00:00+02:00,592.34,599.08,590.49,597.12,360732
2025-10-21 00:00:00+02:00,594.3,604.44,593.81,601.71,381067
2025-10-22 00:00:00+02:00,595.95,607.95,591.86,607.95,709684
2025-10-23 00:00:00+02:00,607.08,616.25,605.42,605.61,370311
2025-10-24 00:00:00+02:00,606.78,608.93,594.1,597.52,276678
2025-10-27 00:00:00+01:00,598.0,599.37,588.44,596.54,291320
2025-10-28 00:00:00+01:00,591.76,601.91,591.56,599.56,253829
2025-10-29 00:00:00+01:00,596.34,605.03,595.08,603.66,367283
2025-10-30 00:00:00+01:00,599.86,603.47,590.39,595.17,286364
2025-10-31 00:00:00+01:00,592.44,598.69,590.88,597.12,367194
2025-11-03 00:00:00+01:00,597.71,606.49,594.1,601.71,310321
2025-11-04 00:00:00+01:00,594.98,597.52,587.27,596.25,291674
2025-11-05 00:00:00+01:00,581.71,602.49,576.93,597.81,286517
2025-11-06 00:00:00+01:00,595.86,602.0,583.86,585.32,403702
2025-11-07 00:00:00+01:00,587.47,591.56,585.91,588.44,291704
2025-11-10 00:00:00+01:00,601.12,605.42,596.25,602.78,323780
2025-11-11 00:00:00+01:00,606.88,623.46,606.1,617.42,405420
2025-11-12 00:00:00+01:00,621.42,634.49,619.46,631.37,487410
2025-11-13 00:00:00+01:00,634.1,638.68,620.44,621.22,450276
2025-11-14 00:00:00+01:00,620.25,628.15,612.93,621.42,357865
2025-11-17 00:00:00+01:00,616.54,618.98,604.93,608.73,321628
2025-11-18 00:00:00+01:00,599.95,602.59,591.27,596.34,499293
2025-11-19 00:00:00+01:00,593.81,599.66,588.93,594.69,329533
2025-11-20 00:00:00+01:00,599.08,611.47,596.93,604.44,406558
2025-11-21 00:00:00+01:00,595.86,607.76,594.2,607.76,451386
2025-11-24 00:00:00+01:00,614.59,615.27,605.61,606.49,654594
2025-11-25 00:00:00+01:00,606.49,608.25,598.59,604.15,381010
2025-11-26 00:00:00+01:00,608.44,612.73,602.78,610.1,287616
2025-11-27 00:00:00+01:00,610.1,613.32,606.39,612.05,157842
2025-11-28 00:00:00+01:00,613.71,621.81,612.34,619.95,380928
2025-12-01 00:00:00+01:00,620.25,630.68,617.22,626.98,368728
2025-12-02 00:00:00+01:00,628.94,636.32,621.86,625.99,370567
2025-12-03 00:00:00+01:00,620.38,623.73,614.68,620.19,325251
2025-12-04 00:00:00+01:00,622.75,624.61,620.78,622.94,383235
2025-12-05 00:00:00+01:00,619.99,620.88,611.63,618.02,405642
2025-12-08 00:00:00+01:00,615.86,617.33,609.07,615.17,272878
2025-12-09 00:00:00+01:00,611.53,613.79,605.03,606.41,226771
2025-12-10 00:00:00+01:00,606.12,614.78,601.2,608.87,301108
2025-12-11 00:00:00+01:00,614.97,620.68,610.45,615.17,308923
2025-12-12 00:00:00+01:00,614.97,619.89,611.33,614.48,234630
2025-12-15 00:00:00+01:00,615.56,626.48,614.87,616.05,288301
2025-12-16 00:00:00+01:00,612.71,627.76,612.41,626.29,439780
2025-12-17 00:00:00+01:00,625.5,625.89,614.58,621.56,310852
2025-12-18 00:00:00+01:00,619.79,629.73,616.35,627.17,358735
2025-12-19 00:00:00+01:00,617.04,629.34,614.09,621.56,656414
2025-12-22 00:00:00+01:00,620.88,624.52,615.76,617.63,242753
2025-12-23 00:00:00+01:00,617.63,620.38,615.17,617.24,161944
2025-12-24 00:00:00+01:00,619.6,624.52,619.4,621.96,55878
2025-12-29 00:00:00+01:00,622.75,625.4,619.01,623.04,199081
2025-12-30 00:00:00+01:00,620.97,631.31,619.99,629.04,179559
2025-12-31 00:00:00+01:00,626.68,634.65,625.5,634.65,105713
2026-01-02 00:00:00+01:00,631.21,635.83,627.67,631.5,313581
2026-01-05 00:00:00+01:00,633.37,638.59,625.5,632.49,266328
2026-01-06 00:00:00+01:00,628.45,637.21,621.56,634.06,296253
2026-01-07 00:00:00+01:00,634.45,634.55,609.46,619.2,382674
2026-01-08 00:00:00+01:00,613.99,626.68,611.82,624.32,274288
2026-01-09 00:00:00+01:00,624.91,643.8,624.91,641.64,426319
2026-01-12 00:00:00+01:00,642.82,643.7,632.78,637.9,275960
2026-01-13 00:00:00+01:00,636.52,641.93,633.27,636.23,262288
2026-01-14 00:00:00+01:00,637.9,641.54,625.21,627.67,478234
2026-01-15 00:00:00+01:00,635.44,636.91,612.71,615.66,570522
2026-01-16 00:00:00+01:00,613.59,616.05,592.64,599.43,574531
2026-01-19 00:00:00+01:00,575.61,580.73,570.69,573.45,568048
2026-01-20 00:00:00+01:00,566.96,567.94,555.15,560.85,775476
2026-01-21 00:00:00+01:00,567.64,577.68,565.97,575.81,401160
2026-01-22 00:00:00+01:00,587.32,588.41,580.53,586.14,424103
2026-01-23 00:00:00+01:00,583.09,586.93,576.79,581.91,307456
2026-01-26 00:00:00+01:00,580.44,582.8,575.91,578.57,324393
2026-01-27 00:00:00+01:00,577.29,583.88,575.12,579.84,351605
2026-01-28 00:00:00+01:00,547.08,558.39,526.81,534.09,1402549
2026-01-29 00:00:00+01:00,534.58,543.14,531.93,533.7,609605
2026-01-30 00:00:00+01:00,539.9,542.36,533.21,538.13,579526
2026-02-02 00:00:00+01:00,538.22,540.09,529.66,529.66,670274
2026-02-03 00:00:00+01:00,534.68,534.88,514.51,520.51,668007
2026-02-04 00:00:00+01:00,521.89,529.07,519.04,527.5,474341
2026-02-05 00:00:00+01:00,530.06,534.29,523.56,529.56,400469
2026-02-06 00:00:00+01:00,525.43,528.97,518.94,527.6,328385
2026-02-09 00:00:00+01:00,527.5,529.37,523.86,526.81,276311
2026-02-10 00:00:00+01:00,531.34,535.17,518.64,529.07,424913
2026-02-11 00:00:00+01:00,527.89,529.56,516.67,516.67,389742
2026-02-12 00:00:00+01:00,524.45,526.12,515.79,516.08,452881
2026-02-13 00:00:00+01:00,515.69,515.69,503.79,505.95,575387
2026-02-16 00:00:00+01:00,513.33,519.43,509.79,509.98,270417
2026-02-17 00:00:00+01:00,507.23,520.61,506.93,519.23,319076
2026-02-18 00:00:00+01:00,520.51,525.92,514.81,525.33,372173
2026-02-19 00:00:00+01:00,520.61,523.27,514.9,522.97,352903
2026-02-20 00:00:00+01:00,532.71,550.23,531.43,545.8,929807
2026-02-23 00:00:00+01:00,545.6,560.46,543.14,549.05,510414
2026-02-24 00:00:00+01:00,545.7,557.21,543.24,552.79,377541
2026-02-25 00:00:00+01:00,558.89,559.08,540.49,544.13,420512
2026-02-26 00:00:00+01:00,540.78,549.93,539.6,542.75,370208
2026-02-27 00:00:00+01:00,539.21,541.08,530.25,535.37,623509
2026-03-02 00:00:00+01:00,501.82,520.32,497.88,512.15,774130
2026-03-03 00:00:00+01:00,502.8,505.36,488.39,494.14,811981
2026-03-04 00:00:00+01:00,501.42,501.82,490.85,499.26,543674
2026-03-05 00:00:00+01:00,491.98,502.11,489.86,497.68,628564
2026-03-06 00:00:00+01:00,501.72,503.98,488.83,494.14,539491
2026-03-09 00:00:00+01:00,484.2,492.08,480.02,489.71,561652
2026-03-10 00:00:00+01:00,501.82,504.28,492.17,496.41,497768
2026-03-11 00:00:00+01:00,491.98,497.29,489.67,492.27,513248
2026-03-12 00:00:00+01:00,487.35,489.42,482.34,487.06,557471
2026-03-13 00:00:00+01:00,481.35,485.24,463.0,466.1,845874
2026-03-16 00:00:00+01:00,468.71,472.91,460.54,471.31,561707
2026-03-17 00:00:00+01:00,473.33,473.48,463.34,464.67,474737
2026-03-18 00:00:00+01:00,466.2,470.48,457.34,461.03,772066
2026-03-19 00:00:00+01:00,454.24,457.64,451.49,452.87,772011
2026-03-20 00:00:00+01:00,457.54,461.13,446.37,450.6,1359678
2026-03-23 00:00:00+01:00,443.76,473.82,443.67,459.11,762197
2026-03-24 00:00:00+01:00,462.66,465.85,449.35,453.36,586208
2026-03-25 00:00:00+01:00,457.54,460.69,450.26,454.93,482280
2026-03-26 00:00:00+01:00,448.83,458.67,448.83,450.95,648041
2026-03-27 00:00:00+01:00,450.95,452.32,446.08,448.44,507326
2026-03-30 00:00:00+02:00,448.14,456.36,447.36,456.21,366692
2026-03-31 00:00:00+02:00,452.96,459.56,451.98,455.67,536097
2026-04-01 00:00:00+02:00,469.54,470.23,458.08,463.54,447850
2026-04-02 00:00:00+02:00,459.61,467.08,456.31,463.49,310354
2026-04-07 00:00:00+02:00,467.38,474.22,457.19,459.36,446476
2026-04-08 00:00:00+02:00,490.26,497.39,484.84,490.85,948639
2026-04-09 00:00:00+02:00,485.14,486.91,468.04,476.19,631425
2026-04-10 00:00:00+02:00,480.61,484.94,475.55,475.55,495552
2026-04-13 00:00:00+02:00,468.36,474.02,465.61,474.02,505697
2026-04-14 00:00:00+02:00,468.36,479.83,459.02,473.73,988273
2026-04-15 00:00:00+02:00,471.22,475.69,460.74,474.17,562316
2026-04-16 00:00:00+02:00,476.33,482.14,474.02,476.28,419784
2026-04-17 00:00:00+02:00,478.01,495.62,475.64,491.39,875001
2026-04-20 00:00:00+02:00,481.11,484.7,476.87,482.68,482695
2026-04-21 00:00:00+02:00,482.53,489.42,478.2,478.2,530998
2026-04-22 00:00:00+02:00,475.99,477.17,465.9,466.69,458903
2026-04-23 00:00:00+02:00,462.46,469.99,460.64,467.58,562027
2026-04-24 00:00:00+02:00,462.31,467.18,456.8,464.08,472376
2026-04-27 00:00:00+02:00,465.66,466.64,458.92,459.95,373342
2026-04-28 00:00:00+02:00,461.0,464.5,454.75,454.75,507456
2026-04-29 00:00:00+02:00,452.6,453.35,445.4,448.45,482053
2026-04-30 00:00:00+02:00,444.85,452.3,440.0,451.4,663061
2026-05-04 00:00:00+02:00,453.5,455.35,443.2,444.95,639945
2026-05-05 00:00:00+02:00,442.05,453.15,441.25,450.95,467424
2026-05-06 00:00:00+02:00,455.0,479.85,454.1,474.0,755072
2026-05-07 00:00:00+02:00,477.45,493.5,476.65,478.3,625472
2026-05-08 00:00:00+02:00,474.0,477.45,471.5,472.7,338602
2026-05-11 00:00:00+02:00,470.35,471.6,450.0,452.0,683161
2026-05-12 00:00:00+02:00,451.0,460.95,449.8,453.05,494592
2026-05-13 00:00:00+02:00,452.2,454.4,444.75,452.3,556573
2026-05-14 00:00:00+02:00,456.85,462.55,453.8,460.85,461620
2026-05-15 00:00:00+02:00,454.5,459.8,452.8,455.6,530300
2026-05-18 00:00:00+02:00,445.75,461.25,444.35,456.25,488335
2026-05-19 00:00:00+02:00,456.05,465.85,454.6,462.0,528303
2026-05-20 00:00:00+02:00,460.7,480.0,458.85,473.8,574600
2026-05-21 00:00:00+02:00,472.9,480.6,468.55,473.55,569293
2026-05-22 00:00:00+02:00,481.0,484.52,469.8,472.6,433313
2026-05-25 00:00:00+02:00,476.2,480.65,473.95,477.9,375016
2026-05-26 00:00:00+02:00,477.0,477.0,469.1,469.2,347337
2026-05-27 00:00:00+02:00,474.15,493.1,473.4,483.95,723742
2026-05-28 00:00:00+02:00,479.75,486.65,473.95,480.95,417341
2026-05-29 00:00:00+02:00,486.0,491.1,473.05,473.05,1701998
2026-06-01 00:00:00+02:00,475.3,482.65,465.4,469.8,621288
2026-06-02 00:00:00+02:00,473.0,479.75,471.75,475.0,558401
2026-06-03 00:00:00+02:00,473.4,475.5,460.85,460.85,525369
2026-06-04 00:00:00+02:00,461.05,479.95,460.95,474.1,478113
2026-06-05 00:00:00+02:00,474.7,484.6,474.7,479.05,526691
2026-06-08 00:00:00+02:00,473.15,486.65,470.55,482.45,468807
2026-06-09 00:00:00+02:00,480.0,496.3,479.95,492.3,565574
2026-06-10 00:00:00+02:00,496.3,497.75,485.55,487.65,631718
2026-06-11 00:00:00+02:00,485.75,508.6,484.0,493.2,756418
2026-06-12 00:00:00+02:00,508.0,521.2,501.1,510.6,930219
2026-06-15 00:00:00+02:00,535.0,537.2,512.6,512.6,872269
2026-06-16 00:00:00+02:00,512.8,523.8,509.8,520.3,582796
2026-06-17 00:00:00+02:00,521.4,526.4,509.1,511.0,644240
2026-06-18 00:00:00+02:00,507.0,517.5,505.1,505.1,858552
2026-06-19 00:00:00+02:00,510.7,516.3,499.25,499.25,1653923
