Date,Open,High,Low,Close,Volume,RSI,MACD,Signal,Histogramme,BB_Haute,BB_Moyenne,BB_Basse,MM20,MM50,MM200,ATR,Stoch_K,Stoch_D
2024-06-13 00:00:00-04:00,188.39,191.08,181.23,182.47,118984100,,0.0,0.0,0.0,,,,,,,,,
2024-06-14 00:00:00-04:00,185.8,186.0,176.92,178.01,82038200,,-0.36,-0.07,-0.28,,,,,,,,,
2024-06-17 00:00:00-04:00,177.92,188.81,177.0,187.44,109786100,,0.12,-0.03,0.15,,,,,,,,,
2024-06-18 00:00:00-04:00,186.56,187.2,182.37,184.86,68982300,,0.29,0.03,0.26,,,,,,,,,
2024-06-20 00:00:00-04:00,184.68,185.21,179.66,181.57,55893100,,0.15,0.06,0.1,,,,,,,,,
2024-06-21 00:00:00-04:00,182.3,183.95,180.69,183.01,61937300,,0.16,0.08,0.08,,,,,,,,,
2024-06-24 00:00:00-04:00,184.97,188.8,182.55,182.58,61992100,,0.13,0.09,0.04,,,,,,,,,
2024-06-25 00:00:00-04:00,184.4,187.97,182.01,187.35,62905700,,0.49,0.17,0.32,,,,,,,,,
2024-06-26 00:00:00-04:00,186.54,197.76,186.36,196.37,95737100,,1.48,0.43,1.05,,,,,,,,,
2024-06-27 00:00:00-04:00,195.17,198.72,194.05,197.42,72746500,,2.32,0.81,1.51,,,,,,,,,
2024-06-28 00:00:00-04:00,199.55,203.2,195.26,197.88,95438100,,2.99,1.25,1.75,,,,,,,,,
2024-07-01 00:00:00-04:00,201.02,213.23,200.85,209.86,135691400,,4.44,1.88,2.56,,,,,,,,,
2024-07-02 00:00:00-04:00,218.89,231.3,218.06,231.26,205047900,,7.23,2.95,4.28,,,,,,,,,
2024-07-03 00:00:00-04:00,234.56,248.35,234.25,246.39,166561500,,10.54,4.47,6.07,,,,,,,10.54,97.26,
2024-07-05 00:00:00-04:00,249.81,252.37,242.46,251.52,154501200,92.97,13.43,6.26,7.16,,,,,,,10.47,98.87,
2024-07-08 00:00:00-04:00,247.71,259.44,244.57,252.94,157219600,93.13,15.65,8.14,7.51,,,,,,,10.92,92.12,96.08
2024-07-09 00:00:00-04:00,251.0,265.61,250.3,262.33,160210900,94.08,17.96,10.1,7.85,,,,,,,11.36,96.18,95.72
2024-07-10 00:00:00-04:00,262.8,267.59,257.86,263.26,128519400,94.17,19.64,12.01,7.63,,,,,,,11.2,95.08,94.46
2024-07-11 00:00:00-04:00,263.3,271.0,239.65,241.03,221707300,68.49,18.95,13.4,5.55,,,,,,,13.11,66.81,86.02
2024-07-12 00:00:00-04:00,235.8,251.84,233.09,248.23,155955800,71.23,18.78,14.47,4.3,277.1,213.29,149.48,213.29,,,13.63,74.41,78.77
2024-07-15 00:00:00-04:00,255.97,265.6,251.73,252.64,146912900,72.79,18.78,15.34,3.44,281.19,216.8,152.41,216.8,,,13.97,79.37,73.53
2024-07-16 00:00:00-04:00,255.31,258.62,245.8,256.56,126332500,74.13,18.88,16.04,2.83,284.74,220.72,156.71,220.72,,,13.87,82.94,78.91
2024-07-17 00:00:00-04:00,252.73,258.47,246.18,248.5,115584800,66.83,18.1,16.45,1.64,286.92,223.78,160.63,223.78,,,13.73,70.76,77.69
2024-07-18 00:00:00-04:00,251.09,257.14,247.2,249.23,110869000,67.15,17.34,16.63,0.71,288.32,227.0,165.67,227.0,,,13.4,71.26,74.99
2024-07-19 00:00:00-04:00,247.79,249.44,236.83,239.2,87403900,58.86,15.74,16.45,-0.71,287.52,229.88,172.23,229.88,,,13.34,54.67,65.56
2024-07-22 00:00:00-04:00,244.21,253.21,243.75,251.51,101225400,64.63,15.3,16.22,-0.92,287.25,233.3,179.36,233.3,,,13.39,63.18,63.04
2024-07-23 00:00:00-04:00,253.6,255.76,245.63,246.38,111928200,60.81,14.37,15.85,-1.49,285.09,236.49,187.9,236.49,,,13.12,35.06,50.97
2024-07-24 00:00:00-04:00,225.42,225.99,214.71,215.99,167942900,44.14,11.05,14.89,-3.84,281.89,237.92,193.96,237.92,,,14.64,2.27,33.51
2024-07-25 00:00:00-04:00,216.8,226.0,216.23,220.25,100636500,46.36,8.66,13.64,-4.98,279.48,239.12,198.76,239.12,,,14.26,9.84,15.72
2024-07-26 00:00:00-04:00,221.19,222.28,215.33,219.8,94604100,46.15,6.66,12.25,-5.59,276.79,240.24,203.68,240.24,,,13.68,9.04,7.05
2024-07-29 00:00:00-04:00,224.9,234.27,224.7,232.1,129201800,52.45,5.99,11.0,-5.0,272.93,241.95,210.96,241.95,,,13.74,30.89,16.59
2024-07-30 00:00:00-04:00,232.25,232.41,220.0,222.62,100560300,47.81,4.65,9.73,-5.08,271.23,242.59,213.95,242.59,,,13.64,14.05,18.0
2024-07-31 00:00:00-04:00,227.9,234.68,226.79,232.07,67497000,52.33,4.29,8.64,-4.35,271.2,242.63,214.05,242.63,,,13.51,34.11,26.35
2024-08-01 00:00:00-04:00,227.69,231.87,214.33,216.86,83861900,45.49,2.75,7.46,-4.71,271.88,241.15,210.42,241.15,,,13.84,4.93,17.7
2024-08-02 00:00:00-04:00,214.88,216.13,205.78,207.67,82880100,41.93,0.78,6.13,-5.34,272.68,238.96,205.23,238.96,,,13.63,3.58,14.21
2024-08-05 00:00:00-04:00,185.22,203.88,182.0,198.88,100308800,38.79,-1.47,4.61,-6.08,273.72,236.26,198.79,236.26,,,14.55,22.07,10.2
2024-08-06 00:00:00-04:00,200.75,202.9,192.67,200.64,73783900,39.77,-3.08,3.07,-6.15,271.74,233.17,194.6,233.17,,,14.22,24.81,16.82
2024-08-07 00:00:00-04:00,200.77,203.49,191.48,191.76,71159800,36.61,-5.01,1.45,-6.47,269.65,229.6,189.55,229.6,,,14.05,13.23,20.04
2024-08-08 00:00:00-04:00,195.7,200.7,192.04,198.84,65033900,40.65,-5.9,-0.02,-5.89,269.4,227.49,185.57,227.49,,,13.67,22.83,20.29
2024-08-09 00:00:00-04:00,197.05,200.88,195.11,200.0,58648300,41.31,-6.44,-1.3,-5.14,267.51,225.08,182.64,225.08,,,13.07,24.4,20.16
2024-08-12 00:00:00-04:00,199.02,199.26,194.67,197.49,64044900,40.27,-6.99,-2.44,-4.55,264.38,222.32,180.26,222.32,,,12.49,29.4,25.55
2024-08-13 00:00:00-04:00,198.47,208.49,197.06,207.83,76247400,46.29,-6.52,-3.26,-3.26,259.14,219.88,180.62,219.88,,,12.41,49.03,34.28
2024-08-14 00:00:00-04:00,207.39,208.44,198.75,201.38,70250000,43.35,-6.59,-3.92,-2.67,255.18,217.52,179.87,217.52,,,12.21,36.79,38.41
2024-08-15 00:00:00-04:00,205.02,215.88,204.82,214.14,89848500,50.1,-5.55,-4.25,-1.3,250.35,215.77,181.19,215.77,,,12.38,61.01,48.94
2024-08-16 00:00:00-04:00,211.15,219.8,210.8,216.12,88765100,51.07,-4.52,-4.3,-0.21,247.39,214.62,181.84,214.62,,,12.13,64.77,54.19
2024-08-19 00:00:00-04:00,217.07,222.98,214.09,222.72,76435200,54.27,-3.13,-4.07,0.94,241.34,213.18,185.02,213.18,,,11.89,77.3,67.69
2024-08-20 00:00:00-04:00,224.88,228.22,219.56,221.1,74001200,53.35,-2.13,-3.68,1.55,235.73,211.91,188.09,211.91,,,11.65,78.4,73.49
2024-08-21 00:00:00-04:00,222.67,224.66,218.86,223.27,70146000,54.47,-1.15,-3.17,2.02,236.58,212.28,187.98,212.28,,,11.22,89.29,81.66
2024-08-22 00:00:00-04:00,223.82,224.8,210.32,210.66,79514500,47.37,-1.38,-2.82,1.43,235.81,211.8,187.79,211.8,,,11.46,62.01,76.57
2024-08-23 00:00:00-04:00,214.46,221.48,214.21,220.32,81525200,52.48,-0.77,-2.41,1.63,235.87,211.82,187.77,211.82,218.05,,11.41,78.5,76.6
2024-08-26 00:00:00-04:00,218.75,219.09,211.01,213.21,59301200,48.73,-0.86,-2.1,1.24,232.98,210.88,188.78,210.88,218.66,,11.26,59.15,66.55
2024-08-27 00:00:00-04:00,213.25,215.66,206.94,209.21,62821400,46.71,-1.23,-1.92,0.69,231.61,210.21,188.8,210.21,219.28,,11.07,47.46,61.7
2024-08-28 00:00:00-04:00,209.72,211.84,202.59,205.75,64116400,44.97,-1.78,-1.9,0.11,227.72,208.89,190.07,208.89,219.65,,10.94,33.03,46.54
2024-08-29 00:00:00-04:00,209.8,214.89,205.97,206.28,62308800,45.31,-2.16,-1.95,-0.21,226.84,208.36,189.89,208.36,220.08,,10.81,34.61,38.36
2024-08-30 00:00:00-04:00,208.63,214.57,207.03,214.11,63370600,50.14,-1.8,-1.92,0.12,227.33,208.69,190.04,208.69,220.73,,10.63,54.72,40.78
2024-09-03 00:00:00-04:00,215.26,219.9,209.64,210.6,76714200,48.09,-1.78,-1.89,0.11,227.35,209.27,191.19,209.27,221.28,,10.6,40.21,43.18
2024-09-04 00:00:00-04:00,210.59,222.22,210.57,219.41,80651800,53.26,-1.04,-1.72,0.68,228.35,210.21,192.07,210.21,222.02,,10.68,65.63,53.52
2024-09-05 00:00:00-04:00,223.49,235.0,222.25,230.17,119355000,58.68,0.41,-1.29,1.7,230.18,212.13,194.08,212.13,222.88,,11.03,85.1,63.64
2024-09-06 00:00:00-04:00,232.6,233.6,210.51,210.73,112177000,47.88,-0.01,-1.04,1.03,229.68,212.72,195.77,212.72,223.16,,11.9,25.12,58.61
2024-09-09 00:00:00-04:00,216.2,219.87,213.67,216.27,67443500,50.67,0.1,-0.81,0.91,229.45,213.54,197.62,213.54,223.54,,11.71,42.21,50.81
2024-09-10 00:00:00-04:00,220.07,226.4,218.64,226.17,78891100,55.27,0.98,-0.45,1.43,229.94,214.97,200.01,214.97,224.11,,11.59,72.76,46.69
2024-09-11 00:00:00-04:00,224.55,228.47,216.8,228.13,83548600,56.14,1.81,0.0,1.81,231.65,215.99,200.32,215.99,224.47,,11.6,78.8,64.59
2024-09-12 00:00:00-04:00,224.66,231.45,223.83,229.81,71894900,56.92,2.58,0.52,2.06,232.65,217.41,202.17,217.41,224.44,,11.31,83.99,78.51
2024-09-13 00:00:00-04:00,228.0,232.67,226.32,230.29,59515100,57.15,3.19,1.05,2.14,234.41,218.22,202.03,218.22,224.12,,10.95,85.47,82.75
2024-09-16 00:00:00-04:00,229.3,229.96,223.53,226.78,54323000,54.82,3.35,1.51,1.84,235.34,218.75,202.15,218.75,223.62,,10.65,74.64,81.36
2024-09-17 00:00:00-04:00,229.45,234.57,226.55,227.87,66761600,55.42,3.52,1.91,1.61,236.02,219.01,202.0,219.01,223.12,,10.46,78.0,79.37
2024-09-18 00:00:00-04:00,230.09,235.68,226.88,227.2,78010200,54.93,3.57,2.24,1.32,236.69,219.31,201.93,219.31,222.42,,10.34,71.46,74.7
2024-09-19 00:00:00-04:00,234.0,244.24,232.13,243.92,102694600,63.59,4.89,2.77,2.12,240.88,220.34,199.81,220.34,222.03,,10.82,99.14,82.87
2024-09-20 00:00:00-04:00,241.52,243.99,235.92,238.25,99879100,59.42,5.42,3.3,2.12,243.21,221.72,200.24,221.72,221.98,,10.63,82.69,84.43
2024-09-23 00:00:00-04:00,242.61,250.0,241.92,250.0,86927200,64.6,6.72,3.99,2.73,248.11,223.21,198.3,223.21,222.01,,10.71,100.0,93.94
2024-09-24 00:00:00-04:00,254.08,257.19,249.05,254.27,88491000,66.29,7.99,4.79,3.21,253.27,225.26,197.25,225.26,222.05,,10.52,93.74,92.14
2024-09-25 00:00:00-04:00,252.54,257.05,252.28,257.02,65034300,67.36,9.12,5.65,3.47,257.96,227.65,197.34,227.65,222.06,,10.11,99.64,97.79
2024-09-26 00:00:00-04:00,260.6,261.75,251.53,254.22,67142200,65.08,9.68,6.46,3.22,260.76,230.08,199.39,230.08,222.17,,10.12,84.34,92.57
2024-09-27 00:00:00-04:00,257.38,260.7,254.12,260.46,70988100,67.71,10.5,7.27,3.23,264.18,232.78,201.39,232.78,222.39,,9.86,97.13,93.7
2024-09-30 00:00:00-04:00,259.04,264.86,255.77,261.63,80705700,68.19,11.12,8.04,3.08,267.77,235.16,202.55,235.16,222.84,,9.81,93.28,91.58
2024-10-01 00:00:00-04:00,262.67,263.98,248.53,258.02,87397600,64.96,11.19,8.67,2.52,269.52,237.53,205.55,237.53,222.97,,10.21,83.45,91.29
2024-10-02 00:00:00-04:00,247.55,251.16,241.5,249.02,93983900,57.64,10.4,9.02,1.39,270.2,239.01,207.83,239.01,223.03,,10.66,61.67,79.47
2024-10-03 00:00:00-04:00,244.48,249.79,237.81,240.66,80729200,51.8,9.0,9.01,-0.02,270.45,239.54,208.63,239.54,223.52,,10.76,41.45,62.19
2024-10-04 00:00:00-04:00,246.69,250.96,244.58,250.08,86573200,57.08,8.54,8.92,-0.37,269.57,241.5,213.43,241.5,224.12,,10.73,61.42,54.85
2024-10-07 00:00:00-04:00,249.0,249.83,240.7,240.83,68113300,51.16,7.35,8.61,-1.25,268.18,242.73,217.28,242.73,224.54,,10.63,36.73,46.53
2024-10-08 00:00:00-04:00,243.56,246.21,240.56,244.5,56303200,53.23,6.63,8.21,-1.58,267.88,243.65,219.42,243.65,224.78,,10.27,37.79,45.31
2024-10-09 00:00:00-04:00,243.82,247.43,239.51,241.05,66289500,51.04,5.72,7.71,-2.0,267.44,244.29,221.14,244.29,225.15,,10.1,17.73,30.75
2024-10-10 00:00:00-04:00,241.81,242.79,232.34,238.77,83087100,49.58,4.75,7.12,-2.37,267.04,244.74,222.44,244.74,225.29,,10.13,19.77,25.1
2024-10-11 00:00:00-04:00,220.13,223.34,214.38,217.8,142628900,38.67,2.27,6.15,-3.88,268.71,244.12,219.53,244.12,225.31,,11.15,6.77,14.76
2024-10-14 00:00:00-04:00,220.13,221.91,213.74,219.16,86291900,39.6,0.4,5.0,-4.6,269.66,243.74,217.82,243.74,225.54,,10.94,10.6,12.38
2024-10-15 00:00:00-04:00,220.01,224.26,217.12,219.57,62988800,39.9,-1.03,3.79,-4.82,270.54,243.32,216.1,243.32,225.95,,10.67,11.4,9.59
2024-10-16 00:00:00-04:00,221.4,222.82,218.93,221.33,49632800,41.22,-2.0,2.64,-4.63,271.09,243.03,214.96,243.03,226.36,,10.18,14.85,12.28
2024-10-17 00:00:00-04:00,221.59,222.08,217.9,220.89,50791800,40.98,-2.77,1.55,-4.32,271.63,241.88,212.12,241.88,226.95,,9.75,13.99,13.41
2024-10-18 00:00:00-04:00,220.71,222.28,219.23,220.7,49611900,40.87,-3.36,0.57,-3.93,272.2,241.0,209.8,241.0,227.38,,9.27,13.85,14.23
2024-10-21 00:00:00-04:00,218.9,220.48,215.73,218.85,47329000,39.73,-3.93,-0.33,-3.6,271.84,239.44,207.04,239.44,227.76,,8.96,13.66,13.83
2024-10-22 00:00:00-04:00,217.31,218.22,215.26,217.97,43268700,39.16,-4.4,-1.14,-3.26,270.59,237.63,204.66,237.63,228.17,,8.58,11.36,12.96
2024-10-23 00:00:00-04:00,217.13,218.72,212.11,213.65,80938900,36.44,-5.06,-1.93,-3.14,268.75,235.46,202.16,235.46,228.29,,8.44,3.96,9.66
2024-10-24 00:00:00-04:00,244.68,262.12,242.65,260.48,204491900,64.91,-1.79,-1.9,0.11,269.92,235.77,201.63,235.77,229.47,,11.3,96.72,37.35
2024-10-25 00:00:00-04:00,256.01,269.49,255.32,269.19,161611900,67.8,1.49,-1.22,2.71,271.87,236.21,200.55,236.21,230.57,,11.51,99.48,66.72
2024-10-28 00:00:00-04:00,270.0,273.54,262.24,262.51,107653600,63.48,3.51,-0.28,3.78,272.05,236.25,200.46,236.25,231.5,,11.49,82.04,92.75
2024-10-29 00:00:00-04:00,264.51,264.98,255.51,259.52,80521800,61.59,4.81,0.74,4.07,272.32,236.33,200.33,236.33,232.23,,11.35,77.18,86.23
2024-10-30 00:00:00-04:00,258.04,263.35,255.82,257.55,53993600,60.32,5.62,1.72,3.9,273.57,236.75,199.93,236.75,232.96,,11.07,73.97,77.73
2024-10-31 00:00:00-04:00,257.99,259.75,249.25,249.85,66575300,55.48,5.58,2.49,3.09,274.46,237.21,199.96,237.21,233.49,,11.03,61.44,70.86
2024-11-01 00:00:00-04:00,252.04,254.0,246.63,248.98,57544800,54.95,5.41,3.07,2.34,274.33,237.16,199.98,237.16,234.26,,10.77,60.02,65.14
2024-11-04 00:00:00-05:00,244.56,248.9,238.88,242.84,68802400,51.19,4.73,3.4,1.32,274.49,237.26,200.03,237.26,234.71,,10.72,50.02,57.16
2024-11-05 00:00:00-05:00,247.34,255.28,246.21,251.44,69282500,55.76,4.82,3.69,1.14,275.24,237.6,199.97,237.6,235.48,,10.85,64.02,58.02
2024-11-06 00:00:00-05:00,284.67,289.59,275.62,288.53,165228700,69.15,7.8,4.51,3.29,283.98,239.98,195.97,239.98,237.06,,12.8,98.63,70.89
2024-11-07 00:00:00-05:00,288.89,299.75,285.52,296.91,117309200,71.27,10.72,5.75,4.97,293.71,242.89,192.06,242.89,238.88,,12.9,96.76,86.47
2024-11-08 00:00:00-05:00,299.14,328.71,297.66,321.22,204782800,76.34,14.82,7.57,7.25,308.3,248.06,187.81,248.06,241.18,,14.25,93.58,96.32
2024-11-11 00:00:00-05:00,346.3,358.64,336.0,350.0,210521600,80.68,20.16,10.08,10.07,328.5,254.6,180.7,254.6,243.9,,15.91,94.1,94.81
2024-11-12 00:00:00-05:00,342.74,345.84,323.31,328.49,155726000,70.29,22.4,12.55,9.85,338.96,260.04,181.13,260.04,246.26,,16.68,74.82,87.5
2024-11-13 00:00:00-05:00,335.85,344.6,322.5,330.24,125405600,70.62,24.03,14.84,9.19,348.1,265.49,182.88,265.49,248.48,,17.06,76.29,81.74
2024-11-14 00:00:00-05:00,327.69,329.98,310.37,311.18,120726100,62.45,23.52,16.58,6.94,352.22,270.0,187.79,270.0,250.1,,17.26,60.37,70.49
2024-11-15 00:00:00-05:00,310.57,324.68,309.22,320.72,114440300,64.65,23.61,17.99,5.63,356.76,275.01,193.25,275.01,252.3,,17.14,68.34,68.33
2024-11-18 00:00:00-05:00,340.73,348.55,330.01,338.74,126085600,68.43,24.86,19.36,5.5,363.0,281.0,199.0,281.0,254.75,,17.9,83.38,70.7
2024-11-19 00:00:00-05:00,335.76,347.38,332.75,346.0,88852500,69.82,26.12,20.71,5.41,368.67,287.4,206.13,287.4,257.14,,17.67,89.45,80.39
2024-11-20 00:00:00-05:00,345.0,346.6,334.3,342.03,66340700,68.05,26.5,21.87,4.63,370.72,293.82,216.92,293.82,259.42,,17.28,86.13,86.32
2024-11-21 00:00:00-05:00,343.81,347.99,335.28,339.64,58011700,66.95,26.31,22.76,3.55,375.6,297.78,219.96,297.78,261.62,,16.96,84.13,86.57
2024-11-22 00:00:00-05:00,341.09,361.53,337.7,352.56,89140700,69.8,26.88,23.58,3.3,382.21,301.95,221.68,301.95,264.06,,17.45,92.22,87.5
2024-11-25 00:00:00-05:00,360.14,361.93,338.2,338.59,95890900,63.43,25.92,24.05,1.87,385.36,305.75,226.15,305.75,266.3,,17.9,72.96,83.1
2024-11-26 00:00:00-05:00,341.0,346.96,335.66,338.23,62295900,63.27,24.83,24.21,0.63,387.43,309.69,231.94,309.69,268.51,,17.42,68.98,78.05
2024-11-27 00:00:00-05:00,341.8,342.55,326.59,332.89,57896400,60.82,23.28,24.02,-0.74,387.79,313.45,239.12,313.45,270.62,,17.32,54.82,65.59
2024-11-29 00:00:00-05:00,336.08,345.45,334.65,345.16,37167600,64.25,22.77,23.77,-1.0,387.43,318.22,249.01,318.22,272.64,,16.98,68.18,63.99
2024-12-02 00:00:00-05:00,352.38,360.0,351.15,357.09,77986500,67.25,23.06,23.63,-0.56,386.68,323.62,260.57,323.62,275.02,,16.83,90.82,71.27
2024-12-03 00:00:00-05:00,351.8,355.69,348.2,351.42,58267200,64.48,22.58,23.42,-0.84,380.43,329.05,277.67,329.05,277.05,,16.26,80.06,79.69
2024-12-04 00:00:00-05:00,353.0,358.1,348.6,357.93,50810900,66.2,22.46,23.23,-0.76,372.17,334.38,296.59,334.38,279.12,,15.78,92.41,87.76
2024-12-05 00:00:00-05:00,359.87,375.43,359.5,369.49,81403600,69.07,23.04,23.19,-0.15,372.72,338.43,304.14,338.43,281.37,,15.9,91.03,87.83
2024-12-06 00:00:00-05:00,377.42,389.49,370.8,389.22,81455800,73.24,24.8,23.51,1.29,378.63,343.04,307.45,343.04,284.07,,16.19,99.57,94.34
2024-12-09 00:00:00-05:00,397.61,404.8,378.01,389.79,96359200,73.35,25.94,24.0,1.94,386.18,346.47,306.76,346.47,286.66,,16.95,80.81,90.47
2024-12-10 00:00:00-05:00,392.68,409.73,390.85,400.99,97563600,75.52,27.44,24.69,2.75,395.63,349.02,302.41,349.02,289.45,,17.16,89.49,89.96
2024-12-11 00:00:00-05:00,409.7,424.88,402.38,424.77,104287600,79.35,30.19,25.79,4.4,410.35,353.83,297.32,353.83,292.78,,17.64,99.89,90.06
2024-12-12 00:00:00-05:00,424.84,429.3,415.0,418.1,87752200,75.77,31.47,26.92,4.55,420.4,358.23,296.06,358.23,296.16,,17.41,89.1,92.82
2024-12-13 00:00:00-05:00,420.0,436.3,415.71,436.23,89000200,78.6,33.56,28.25,5.31,431.68,364.48,297.28,364.48,300.07,,17.63,99.94,96.31
2024-12-16 00:00:00-05:00,441.09,463.19,436.15,463.02,114083800,81.95,36.96,29.99,6.96,448.69,371.59,294.5,371.59,304.33,,18.3,99.88,96.3
2024-12-17 00:00:00-05:00,475.9,483.99,457.51,479.86,131223000,83.68,40.54,32.1,8.44,467.95,378.65,289.35,378.65,309.11,,18.89,97.38,99.06
2024-12-18 00:00:00-05:00,466.5,488.54,427.01,440.13,149340800,67.28,39.71,33.62,6.09,475.29,383.36,291.42,383.36,313.03,,21.93,68.54,88.6
2024-12-19 00:00:00-05:00,451.88,456.36,420.02,436.17,118566100,65.9,38.3,34.56,3.74,480.73,388.06,295.4,388.06,316.93,,22.96,62.68,76.2
2024-12-20 00:00:00-05:00,425.51,447.08,417.64,421.06,132216200,60.75,35.55,34.76,0.79,482.98,392.14,301.29,392.14,320.57,,23.43,51.92,61.05
2024-12-23 00:00:00-05:00,431.0,434.51,415.41,430.6,72698100,62.73,33.75,34.55,-0.81,486.43,396.04,305.65,396.04,324.83,,23.12,58.6,57.73
2024-12-24 00:00:00-05:00,435.9,462.78,435.14,462.28,59551800,68.42,34.48,34.54,-0.06,492.99,402.22,311.46,402.22,329.69,,23.76,79.65,63.39
2024-12-26 00:00:00-05:00,465.16,465.33,451.02,454.13,76366400,65.65,34.01,34.43,-0.42,496.35,408.02,319.69,408.02,334.38,,23.09,70.77,69.67
2024-12-27 00:00:00-05:00,449.52,450.0,426.5,431.66,82666800,58.59,31.46,33.84,-2.38,494.37,412.96,331.54,412.96,338.59,,23.41,48.54,66.32
2024-12-30 00:00:00-05:00,419.4,427.0,415.75,417.41,64941000,54.58,27.97,32.67,-4.69,491.47,416.57,341.66,416.57,342.52,,22.88,27.19,48.83
2024-12-31 00:00:00-05:00,423.79,427.93,402.54,403.84,76825100,51.0,23.84,30.9,-7.06,488.74,418.9,349.07,418.9,346.18,,23.06,1.69,25.81
2025-01-02 00:00:00-05:00,390.1,392.73,373.04,379.28,109710700,45.22,18.36,28.39,-10.03,485.42,420.3,355.18,420.3,349.39,,23.61,5.4,11.43
2025-01-03 00:00:00-05:00,381.48,411.88,379.45,410.44,95423300,52.56,16.35,25.99,-9.63,481.34,422.92,364.5,422.92,353.24,,24.25,32.38,13.16
2025-01-06 00:00:00-05:00,423.2,426.43,401.7,411.05,85516500,52.7,14.64,23.72,-9.08,478.14,425.0,371.87,425.0,357.19,,24.29,32.91,23.56
2025-01-07 00:00:00-05:00,405.83,414.33,390.0,394.36,75699500,48.66,11.8,21.33,-9.53,477.71,425.26,372.81,425.26,359.87,,24.29,18.46,27.92
2025-01-08 00:00:00-05:00,392.95,402.5,387.4,394.94,73038800,48.8,9.49,18.96,-9.48,477.28,425.52,373.75,425.52,362.38,,23.63,18.96,23.44
2025-01-10 00:00:00-05:00,391.4,399.28,377.29,394.74,62287300,48.75,7.55,16.68,-9.13,477.66,425.2,372.74,425.2,365.03,,23.52,23.51,20.31
2025-01-13 00:00:00-05:00,383.21,403.79,380.07,403.31,67580500,51.14,6.63,14.67,-8.04,477.5,424.13,370.76,424.13,367.9,,23.53,32.8,25.09
2025-01-14 00:00:00-05:00,414.34,422.64,394.54,396.36,84565000,49.14,5.28,12.79,-7.51,477.79,423.04,368.29,423.04,370.68,,23.86,25.27,27.19
2025-01-15 00:00:00-05:00,409.9,429.8,405.66,428.22,81375500,57.38,6.7,11.58,-4.87,477.1,422.64,368.18,422.64,374.25,,24.54,59.79,39.29
2025-01-16 00:00:00-05:00,423.49,424.0,409.13,413.82,68335200,53.19,6.59,10.58,-3.99,471.31,420.18,369.06,420.18,377.54,,24.15,44.19,43.08
2025-01-17 00:00:00-05:00,421.5,439.74,419.75,426.5,94991400,56.22,7.44,9.95,-2.51,460.44,417.52,374.59,417.52,381.22,,24.28,69.46,57.81
2025-01-21 00:00:00-05:00,432.64,433.2,406.31,424.07,87320900,55.48,7.83,9.53,-1.7,458.44,416.71,374.99,416.71,384.67,,24.46,76.51,63.39
2025-01-22 00:00:00-05:00,416.81,428.0,414.59,415.11,60963300,52.72,7.33,9.09,-1.76,456.37,415.66,374.95,415.66,387.2,,23.68,63.07,69.68
2025-01-23 00:00:00-05:00,416.06,420.73,408.95,412.38,50690600,51.87,6.64,8.6,-1.96,455.88,415.22,374.57,415.22,389.51,,22.83,58.98,66.19
2025-01-24 00:00:00-05:00,414.45,418.88,405.78,406.58,56427100,50.03,5.56,7.99,-2.43,454.18,414.02,373.87,414.02,391.22,,22.13,46.9,56.32
2025-01-27 00:00:00-05:00,394.8,406.69,389.0,397.15,58125500,47.1,3.89,7.17,-3.28,444.49,410.77,377.04,410.77,392.16,,21.81,31.8,45.89
2025-01-28 00:00:00-05:00,396.91,400.59,386.5,398.09,48910700,47.43,2.62,6.26,-3.64,435.21,407.97,380.72,407.97,393.55,,21.26,33.31,37.34
2025-01-29 00:00:00-05:00,395.21,398.59,384.48,389.1,68033600,44.56,0.88,5.18,-4.31,431.92,405.84,379.76,405.84,394.73,,20.75,18.91,28.01
2025-01-30 00:00:00-05:00,410.78,412.5,384.41,400.28,98092900,48.71,0.39,4.23,-3.83,430.58,404.98,379.38,404.98,396.51,,21.28,36.81,29.68
2025-01-31 00:00:00-05:00,401.53,419.99,401.34,404.6,83283600,50.26,0.35,3.45,-3.1,430.61,405.02,379.42,405.02,398.19,,21.16,41.11,32.28
2025-02-03 00:00:00-05:00,386.68,389.17,374.36,383.68,93732100,43.42,-1.35,2.49,-3.84,429.96,405.24,380.52,405.24,399.09,,21.81,14.26,30.73
2025-02-04 00:00:00-05:00,382.63,394.0,381.4,392.21,57072200,46.61,-1.99,1.59,-3.58,429.58,404.33,379.07,404.33,400.01,,21.15,27.3,27.56
2025-02-05 00:00:00-05:00,387.51,388.39,375.53,378.17,57223300,42.38,-3.59,0.56,-4.15,430.27,402.68,375.1,402.68,400.73,,20.83,5.83,15.79
2025-02-06 00:00:00-05:00,373.03,375.4,363.18,374.32,77918200,41.27,-5.11,-0.57,-4.53,431.87,401.68,371.49,401.68,401.43,,20.42,14.55,15.89
2025-02-07 00:00:00-05:00,370.19,380.55,360.34,361.62,70298300,37.76,-7.25,-1.91,-5.34,435.06,400.02,364.97,400.02,401.61,,20.4,1.76,7.38
2025-02-10 00:00:00-05:00,356.21,362.7,350.51,350.73,77514900,35.02,-9.72,-3.47,-6.25,439.21,397.81,356.42,397.81,401.85,,19.82,0.28,5.53
2025-02-11 00:00:00-05:00,345.8,349.37,325.1,328.5,118543400,30.19,-13.31,-5.44,-7.87,445.64,394.07,342.5,394.07,401.66,,20.23,3.56,1.87
2025-02-12 00:00:00-05:00,329.94,346.4,329.12,336.51,105382700,33.73,-15.34,-7.42,-7.92,448.69,391.08,333.48,391.08,401.73,,20.06,12.02,5.29
2025-02-13 00:00:00-05:00,345.0,358.69,342.85,355.94,89441500,41.49,-15.2,-8.97,-6.22,444.33,387.47,330.61,387.47,401.94,,20.22,32.5,16.03
2025-02-14 00:00:00-05:00,360.62,362.0,347.5,355.84,68277300,41.47,-14.93,-10.17,-4.76,441.68,384.57,327.46,384.57,401.92,,19.81,32.4,25.64
2025-02-18 00:00:00-05:00,355.01,359.1,350.02,354.11,51631700,40.97,-14.68,-11.07,-3.61,436.01,380.95,325.89,380.95,401.97,,19.04,30.57,31.82
2025-02-19 00:00:00-05:00,354.0,367.34,353.67,360.56,67094400,43.67,-13.81,-11.62,-2.19,429.6,377.77,325.95,377.77,402.03,,18.66,37.37,33.45
2025-02-20 00:00:00-05:00,361.51,362.3,348.0,354.4,45965400,41.71,-13.45,-11.98,-1.47,424.42,374.74,325.06,374.74,401.72,,18.35,30.88,32.94
2025-02-21 00:00:00-05:00,353.44,354.98,334.42,337.8,74058600,36.9,-14.35,-12.46,-1.89,419.99,371.01,322.03,371.01,400.7,,18.5,18.43,28.89
2025-02-24 00:00:00-05:00,338.14,342.4,324.7,330.53,76052300,34.99,-15.47,-13.06,-2.41,416.36,367.21,318.05,367.21,399.51,,18.45,8.41,19.24
2025-02-25 00:00:00-05:00,327.02,328.89,297.25,302.8,134228800,28.87,-18.38,-14.12,-4.26,417.33,362.49,307.65,362.49,397.55,,19.51,6.09,10.98
2025-02-26 00:00:00-05:00,303.71,309.0,288.04,290.8,100118300,26.7,-21.41,-15.58,-5.83,417.96,357.12,296.29,357.12,394.87,,19.61,2.98,5.83
2025-02-27 00:00:00-05:00,291.16,297.23,280.88,281.95,101748200,25.19,-24.24,-17.31,-6.93,419.26,351.77,284.28,351.77,392.14,,19.38,1.07,3.38
2025-02-28 00:00:00-05:00,279.5,293.88,273.6,292.98,115697000,30.46,-25.31,-18.91,-6.4,414.71,346.4,278.1,346.4,389.28,,19.44,20.67,8.24
2025-03-03 00:00:00-05:00,300.34,303.94,277.3,284.65,115551400,28.81,-26.52,-20.43,-6.09,408.26,340.4,272.55,340.4,385.71,,19.96,11.79,11.18
2025-03-04 00:00:00-05:00,270.93,284.35,261.84,272.04,126706600,26.47,-28.17,-21.98,-6.19,405.98,334.82,263.67,334.82,381.56,,20.16,9.67,14.04
2025-03-05 00:00:00-05:00,272.92,279.55,267.71,279.1,94042900,29.9,-28.58,-23.3,-5.28,399.08,329.17,259.25,329.17,378.34,,19.57,16.36,12.61
2025-03-06 00:00:00-05:00,272.06,272.65,260.02,263.45,98451600,26.9,-29.83,-24.61,-5.22,395.22,323.43,251.64,323.43,374.88,,19.53,3.2,9.74
2025-03-07 00:00:00-05:00,259.32,266.25,250.73,262.67,102369600,26.76,-30.52,-25.79,-4.73,390.34,317.85,245.36,317.85,371.71,,19.24,10.24,9.93
2025-03-10 00:00:00-04:00,252.54,253.37,220.0,222.15,189076900,20.59,-33.95,-27.42,-6.53,391.96,310.88,229.79,310.88,367.54,,20.92,1.46,4.96
2025-03-11 00:00:00-04:00,225.31,237.06,217.02,230.58,174896400,24.49,-35.58,-29.06,-6.53,391.15,304.87,218.58,304.87,362.91,,20.85,9.33,7.01
2025-03-12 00:00:00-04:00,247.22,251.84,241.1,248.09,142215700,31.96,-35.06,-30.26,-4.8,389.95,300.85,211.75,300.85,358.79,,20.88,22.52,11.1
2025-03-13 00:00:00-04:00,248.13,248.29,232.6,240.68,114813500,30.58,-34.84,-31.17,-3.66,387.36,296.06,204.75,296.06,354.97,,20.51,18.87,16.91
2025-03-14 00:00:00-04:00,247.31,251.58,240.73,249.98,100242300,34.41,-33.52,-31.64,-1.88,379.7,290.76,201.82,290.76,351.62,,19.83,29.46,23.62
2025-03-17 00:00:00-04:00,245.06,245.4,232.8,238.01,111900600,31.97,-33.07,-31.93,-1.14,371.22,284.87,198.51,284.87,348.3,,19.64,22.82,23.72
2025-03-18 00:00:00-04:00,228.16,230.1,222.28,225.31,111477600,29.57,-33.35,-32.21,-1.14,362.21,278.43,194.64,278.43,345.23,,19.36,9.54,20.61
2025-03-19 00:00:00-04:00,231.61,241.41,229.2,235.86,111993800,34.0,-32.35,-32.24,-0.11,348.47,272.19,195.92,272.19,341.73,,19.13,21.68,18.01
2025-03-20 00:00:00-04:00,233.35,238.0,230.05,236.26,99028300,34.17,-31.16,-32.02,0.86,333.52,266.28,199.05,266.28,338.24,,18.33,22.14,17.78
2025-03-21 00:00:00-04:00,234.99,249.52,234.55,248.71,132728700,39.37,-28.88,-31.39,2.51,320.35,261.83,203.31,261.83,335.32,,18.09,47.07,30.29
2025-03-24 00:00:00-04:00,258.08,278.64,256.33,278.39,169079900,49.6,-24.4,-30.0,5.59,308.83,259.22,209.62,259.22,332.99,,18.93,98.14,55.78
2025-03-25 00:00:00-04:00,283.6,288.2,271.28,288.14,150361500,52.44,-19.83,-27.96,8.13,305.76,258.49,211.22,258.49,330.86,,18.79,99.92,81.71
2025-03-26 00:00:00-04:00,282.66,284.9,266.51,272.06,153629800,47.67,-17.31,-25.83,8.52,302.83,257.55,212.28,257.55,328.24,,18.99,77.33,91.8
2025-03-27 00:00:00-04:00,272.48,291.85,271.82,273.13,162572100,48.01,-15.06,-23.68,8.62,301.55,257.11,212.67,257.11,325.77,,19.07,74.98,84.07
2025-03-28 00:00:00-04:00,275.58,276.1,260.57,263.55,123809400,45.19,-13.88,-21.72,7.84,296.91,255.64,214.37,255.64,322.48,,18.81,62.18,71.5
2025-03-31 00:00:00-04:00,249.31,260.56,243.36,259.16,134008900,43.91,-13.15,-20.0,6.86,293.38,254.37,215.35,254.37,319.39,,18.91,53.01,63.39
2025-04-01 00:00:00-04:00,263.8,277.45,259.25,268.46,146486900,47.3,-11.69,-18.34,6.65,292.89,254.19,215.48,254.19,316.22,287.55,18.87,66.38,60.52
2025-04-02 00:00:00-04:00,254.6,284.99,251.27,282.76,212787800,52.09,-9.27,-16.53,7.26,293.6,254.37,215.14,254.37,313.4,288.05,19.93,86.93,68.77
2025-04-03 00:00:00-04:00,265.29,276.3,261.51,267.28,136174300,47.1,-8.5,-14.92,6.42,294.02,254.56,215.11,254.56,310.44,288.5,20.02,64.68,72.67
2025-04-04 00:00:00-04:00,255.38,261.0,236.0,239.43,181229400,39.72,-10.02,-13.94,3.92,293.21,253.4,213.58,253.4,306.98,288.76,20.83,24.65,58.76
2025-04-07 00:00:00-04:00,223.78,252.0,214.25,233.29,183453800,38.3,-11.59,-13.47,1.88,292.21,253.96,215.7,253.96,303.52,289.0,22.04,24.54,37.96
2025-04-08 00:00:00-04:00,245.0,250.44,217.8,221.86,171603500,35.73,-13.6,-13.5,-0.1,293.07,253.52,213.97,253.52,300.01,289.2,22.79,9.81,19.66
2025-04-09 00:00:00-04:00,224.69,274.69,223.88,272.2,219433400,51.24,-11.0,-13.0,1.99,295.05,254.73,214.41,254.73,297.49,289.65,24.94,74.68,36.34
2025-04-10 00:00:00-04:00,260.0,262.49,239.33,252.4,181722600,46.49,-10.42,-12.48,2.06,295.11,255.31,215.51,255.31,294.76,290.0,25.51,49.16,44.55
2025-04-11 00:00:00-04:00,251.84,257.74,241.36,252.31,128948100,46.47,-9.86,-11.96,2.1,295.17,255.43,215.68,255.43,291.8,290.32,24.85,49.05,57.63
2025-04-14 00:00:00-04:00,258.36,261.8,245.93,252.35,100135200,46.48,-9.3,-11.43,2.13,295.08,256.15,217.21,256.15,288.76,290.6,24.21,49.1,49.1
2025-04-15 00:00:00-04:00,249.91,258.75,247.54,254.11,79594300,47.02,-8.61,-10.86,2.25,293.75,257.59,221.42,257.59,286.16,290.88,23.28,51.37,49.84
2025-04-16 00:00:00-04:00,247.61,251.97,233.89,241.55,112378700,43.61,-8.98,-10.49,1.51,293.4,257.87,222.34,257.87,283.15,291.1,23.06,38.59,46.35
2025-04-17 00:00:00-04:00,243.47,244.34,237.68,241.37,83404800,43.56,-9.18,-10.23,1.04,293.06,258.13,223.19,258.13,280.41,291.26,21.89,38.34,42.77
2025-04-21 00:00:00-04:00,230.26,232.21,222.79,227.5,97768000,39.86,-10.34,-10.25,-0.09,294.41,257.06,219.72,257.06,277.48,291.24,21.66,18.73,31.89
2025-04-22 00:00:00-04:00,230.96,242.79,229.85,237.97,120858500,43.75,-10.3,-10.26,-0.04,291.9,255.04,218.18,255.04,275.01,291.2,21.2,33.53,30.2
2025-04-23 00:00:00-04:00,254.86,259.45,244.43,250.74,150381900,48.15,-9.12,-10.03,0.91,286.6,253.17,219.75,253.17,273.01,291.19,21.22,58.81,37.02
2025-04-24 00:00:00-04:00,250.5,259.54,249.2,259.51,94464200,50.98,-7.4,-9.51,2.1,284.93,252.55,220.16,252.55,271.63,291.23,20.44,74.88,55.74
2025-04-25 00:00:00-04:00,261.69,286.85,259.63,284.95,167560700,58.13,-3.94,-8.39,4.45,287.48,253.14,218.8,253.14,270.59,291.34,20.94,97.38,77.02
2025-04-28 00:00:00-04:00,288.98,294.86,272.42,285.88,151731800,58.37,-1.11,-6.94,5.83,291.36,254.25,217.15,254.25,269.19,291.45,21.04,88.35,86.87
2025-04-29 00:00:00-04:00,285.5,293.32,279.47,292.03,108906600,60.0,1.61,-5.23,6.84,296.65,255.9,215.14,255.9,267.92,291.71,20.53,96.07,93.93
2025-04-30 00:00:00-04:00,279.9,284.45,270.78,282.16,128961100,56.2,2.94,-3.59,6.53,298.66,256.58,214.5,256.58,266.48,291.88,20.58,82.38,88.93
2025-05-01 00:00:00-04:00,280.01,290.87,279.81,280.52,99659000,55.57,3.82,-2.11,5.93,298.27,256.47,214.67,256.47,264.88,292.02,19.9,80.1,86.18
2025-05-02 00:00:00-04:00,284.9,294.78,279.81,287.21,114454700,57.66,4.99,-0.69,5.68,301.25,257.47,213.68,257.47,263.53,292.17,19.55,89.39,83.96
2025-05-05 00:00:00-04:00,284.57,284.85,274.4,280.26,94618900,54.78,5.3,0.51,4.79,303.56,259.51,215.45,259.51,262.38,292.33,19.07,79.74,83.08
2025-05-06 00:00:00-04:00,273.11,277.73,271.35,275.35,76715800,52.78,5.09,1.43,3.67,304.39,261.61,218.83,261.61,261.28,292.46,18.34,72.93,80.69
2025-05-07 00:00:00-04:00,276.88,277.92,271.0,276.22,71592600,53.11,4.94,2.13,2.81,303.21,264.33,225.45,264.33,260.75,292.65,17.53,74.14,75.6
2025-05-08 00:00:00-04:00,279.63,289.8,279.41,284.82,97539400,56.33,5.45,2.79,2.66,304.77,264.96,225.15,264.96,260.63,292.81,17.24,86.07,77.71
2025-05-09 00:00:00-04:00,290.21,307.04,290.0,298.26,132387800,60.85,6.86,3.61,3.25,309.24,267.25,225.26,267.25,260.95,293.07,17.6,88.63,82.94
2025-05-12 00:00:00-04:00,321.99,322.21,311.5,318.38,112826700,66.45,9.49,4.78,4.71,317.68,270.56,223.44,270.56,261.46,293.58,18.05,95.08,89.92
2025-05-13 00:00:00-04:00,320.0,337.59,316.8,334.07,136992600,70.05,12.7,6.37,6.33,328.77,274.64,220.52,274.64,262.45,294.15,18.25,96.02,93.24
2025-05-14 00:00:00-04:00,342.5,350.0,337.0,347.68,136997300,72.78,16.15,8.32,7.83,341.54,279.32,217.1,279.32,263.96,294.79,18.08,97.43,96.18
2025-05-15 00:00:00-04:00,340.34,346.14,334.72,342.82,97882600,70.31,18.28,10.31,7.97,350.05,284.38,218.72,284.38,265.24,295.35,17.72,90.94,94.8
2025-05-16 00:00:00-04:00,346.24,351.62,342.33,349.98,95895700,71.83,20.32,12.31,8.0,358.4,289.82,221.23,289.82,266.97,295.98,17.12,97.97,95.45
2025-05-19 00:00:00-04:00,336.3,343.0,333.37,342.09,88869900,67.73,21.05,14.06,6.99,361.3,295.54,229.79,295.54,268.56,296.53,17.08,88.21,92.37
2025-05-20 00:00:00-04:00,347.87,354.99,341.63,343.82,131715500,68.16,21.52,15.55,5.97,364.07,300.84,237.6,300.84,270.99,297.17,16.81,86.7,90.96
2025-05-21 00:00:00-04:00,344.43,347.35,332.2,334.62,102354800,63.34,20.91,16.62,4.29,365.34,305.03,244.73,305.03,273.07,297.8,16.69,75.75,83.55
2025-05-22 00:00:00-04:00,331.9,347.27,331.39,341.04,97113400,65.19,20.71,17.44,3.27,367.45,309.11,250.77,309.11,274.93,298.51,16.64,83.39,81.95
2025-05-23 00:00:00-04:00,337.92,343.18,333.21,339.34,84654800,64.27,20.18,17.99,2.19,370.49,311.83,253.16,311.83,276.9,299.21,16.16,81.37,80.17
2025-05-27 00:00:00-04:00,347.35,363.79,347.32,362.89,120146400,70.51,21.41,18.67,2.74,377.21,315.68,254.14,315.68,279.16,300.06,16.75,99.03,87.93
2025-05-28 00:00:00-04:00,364.84,365.0,355.91,356.9,91404300,67.29,21.65,19.27,2.38,382.03,318.92,255.82,318.92,281.54,300.85,16.21,90.54,90.31
2025-05-29 00:00:00-04:00,365.29,367.71,356.0,358.43,88087800,67.69,21.72,19.76,1.96,385.7,322.74,259.77,322.74,284.2,301.64,15.88,88.06,92.54
2025-05-30 00:00:00-04:00,355.52,363.68,345.29,346.46,123474900,61.29,20.57,19.92,0.65,386.55,326.03,265.51,326.03,286.41,302.39,16.06,62.2,80.26
2025-06-02 00:00:00-04:00,343.5,348.02,333.33,342.69,81873800,59.38,19.13,19.76,-0.63,386.87,328.81,270.74,328.81,288.54,303.06,15.97,50.85,67.04
2025-06-03 00:00:00-04:00,346.6,355.4,343.04,344.27,99324500,59.95,17.92,19.39,-1.48,385.69,332.01,278.32,332.01,290.45,303.78,15.73,35.46,49.5
2025-06-04 00:00:00-04:00,345.1,345.6,327.33,332.05,98912100,53.75,15.78,18.67,-2.89,381.46,334.84,288.23,334.84,291.53,304.37,15.91,11.69,32.67
2025-06-05 00:00:00-04:00,322.49,324.55,273.21,284.7,287499800,37.55,10.15,16.97,-6.81,379.74,335.27,290.79,335.27,291.46,304.71,18.98,12.16,19.77
2025-06-06 00:00:00-04:00,298.83,305.5,291.14,295.14,164747700,41.72,6.46,14.87,-8.4,377.97,335.78,293.59,335.78,291.92,305.07,19.11,23.21,15.68
2025-06-09 00:00:00-04:00,285.96,309.83,281.85,308.58,140908900,46.66,4.57,12.81,-8.24,376.77,336.3,295.82,336.3,292.63,305.51,19.74,37.43,24.26
2025-06-10 00:00:00-04:00,314.94,327.83,310.67,326.09,151256500,52.33,4.43,11.13,-6.7,376.58,336.68,296.78,336.68,293.88,306.02,19.71,55.96,38.86
2025-06-11 00:00:00-04:00,334.4,335.5,322.5,326.43,122611400,52.43,4.3,9.76,-5.47,376.45,336.3,296.15,336.3,295.22,306.6,19.23,56.32,49.9
2025-06-12 00:00:00-04:00,323.08,332.56,316.86,319.11,105127500,49.87,3.56,8.52,-4.96,375.35,334.87,294.4,334.87,296.24,307.1,18.98,48.57,53.62
2025-06-13 00:00:00-04:00,313.97,332.99,313.3,325.31,128964300,52.01,3.44,7.51,-4.07,374.51,334.0,293.49,334.0,297.09,307.66,19.03,55.13,53.34
2025-06-16 00:00:00-04:00,331.29,332.05,326.41,329.13,83925900,53.33,3.6,6.73,-3.12,372.8,332.95,293.11,332.95,298.33,308.26,18.15,59.17,54.29
2025-06-17 00:00:00-04:00,326.09,327.26,314.74,316.35,88282700,48.52,2.68,5.92,-3.24,371.93,331.67,291.4,331.67,299.86,308.81,17.88,45.65,53.32
2025-06-18 00:00:00-04:00,317.31,329.32,315.45,322.05,95137700,50.66,2.37,5.21,-2.83,370.64,330.58,290.52,330.58,301.64,309.39,17.6,53.98,52.94
2025-06-20 00:00:00-04:00,327.95,332.36,317.78,322.16,108688000,50.7,2.12,4.59,-2.47,370.14,329.96,289.77,329.96,303.64,309.93,17.38,59.56,53.06
2025-06-23 00:00:00-04:00,327.54,357.54,327.48,348.68,190716800,59.72,4.01,4.47,-0.46,371.1,330.34,289.57,330.34,305.17,310.62,18.67,89.49,67.68
2025-06-24 00:00:00-04:00,356.17,356.26,340.44,340.47,114736200,56.29,4.79,4.54,0.25,371.22,330.39,289.57,330.39,306.94,311.23,18.46,79.76,76.27
2025-06-25 00:00:00-04:00,342.7,343.0,320.4,327.55,119845100,51.29,4.32,4.49,-0.18,366.48,328.63,290.78,328.63,308.44,311.71,18.76,64.44,77.9
2025-06-26 00:00:00-04:00,324.61,331.05,323.61,325.78,80440900,50.63,3.76,4.35,-0.59,362.51,327.07,291.63,327.07,309.91,312.29,17.95,58.04,67.41
2025-06-27 00:00:00-04:00,324.51,329.34,317.5,323.63,89067000,49.78,3.1,4.1,-0.99,357.56,325.33,293.1,325.33,311.3,312.82,17.51,55.2,59.23
2025-06-30 00:00:00-04:00,319.9,325.58,316.6,317.66,76695100,47.42,2.08,3.69,-1.62,354.69,323.89,293.1,323.89,312.82,313.28,16.9,14.91,42.72
2025-07-01 00:00:00-04:00,298.46,305.89,293.21,300.71,145085700,41.42,-0.1,2.93,-3.03,352.91,321.79,290.67,321.79,314.01,313.64,17.44,11.66,27.26
2025-07-02 00:00:00-04:00,312.63,316.83,303.82,315.65,119483700,47.7,-0.61,2.22,-2.84,349.71,320.36,291.01,320.36,315.77,314.07,17.35,34.88,20.48
2025-07-03 00:00:00-04:00,317.99,318.45,312.76,315.35,58042300,47.59,-1.03,1.57,-2.61,348.42,319.53,290.63,319.53,317.32,314.5,16.52,34.42,26.99
2025-07-07 00:00:00-04:00,291.37,296.15,288.77,293.94,131177900,40.41,-3.06,0.65,-3.7,346.76,319.99,293.22,319.99,318.18,314.83,17.23,7.52,25.61
2025-07-08 00:00:00-04:00,297.0,304.05,294.35,297.81,103246700,42.11,-4.3,-0.34,-3.96,346.39,320.12,293.85,320.12,318.95,315.18,16.73,13.15,18.36
2025-07-09 00:00:00-04:00,297.55,300.15,293.55,295.88,75586800,41.47,-5.38,-1.35,-4.03,347.49,319.49,291.49,319.49,319.17,315.53,16.0,10.34,10.33
2025-07-10 00:00:00-04:00,300.05,310.48,300.0,309.87,104365300,47.65,-5.05,-2.09,-2.96,346.81,318.68,290.54,318.68,319.65,315.86,15.9,30.68,18.06
2025-07-11 00:00:00-04:00,307.89,314.09,305.65,313.51,79236400,49.15,-4.44,-2.56,-1.88,346.01,318.03,290.05,318.03,320.08,316.23,15.37,35.97,25.67
2025-07-14 00:00:00-04:00,317.73,322.6,312.67,316.9,78043400,50.57,-3.64,-2.78,-0.87,345.9,317.92,289.94,317.92,320.77,316.57,14.98,41.68,36.11
2025-07-15 00:00:00-04:00,319.68,321.2,310.5,310.78,77556300,47.96,-3.46,-2.91,-0.55,345.12,317.19,289.27,317.19,321.38,316.85,14.67,40.59,39.41
2025-07-16 00:00:00-04:00,312.8,323.5,312.62,321.67,97284800,52.64,-2.42,-2.81,0.4,344.27,316.82,289.37,316.82,322.07,317.17,14.54,77.81,53.36
2025-07-17 00:00:00-04:00,323.15,324.34,317.06,319.41,73922900,51.61,-1.75,-2.6,0.85,344.44,316.97,289.5,316.97,322.85,317.5,14.02,75.52,64.64
2025-07-18 00:00:00-04:00,321.66,330.9,321.42,329.65,94255000,55.85,-0.39,-2.16,1.77,345.33,317.35,289.38,317.35,323.94,317.85,13.84,97.03,83.46
2025-07-21 00:00:00-04:00,334.4,338.0,326.88,328.49,75768800,55.26,0.59,-1.61,2.2,346.01,317.67,289.33,317.67,324.98,318.18,13.64,80.68,84.41
2025-07-22 00:00:00-04:00,329.74,335.41,321.55,332.11,77370400,56.8,1.64,-0.96,2.6,342.18,316.84,291.51,316.84,325.93,318.55,13.66,88.04,88.58
2025-07-23 00:00:00-04:00,330.9,336.2,328.67,332.56,92553800,57.0,2.48,-0.27,2.75,340.44,316.45,292.45,316.45,326.61,318.97,13.22,88.95,85.89
2025-07-24 00:00:00-04:00,310.0,310.15,300.41,305.3,156966000,43.88,0.93,-0.03,0.96,339.22,315.33,291.44,315.33,326.35,319.29,14.57,33.58,70.19
2025-07-25 00:00:00-04:00,308.74,323.63,308.01,316.06,148227000,48.88,0.57,0.09,0.48,338.23,314.85,291.46,314.85,325.99,319.62,14.84,50.64,57.72
2025-07-28 00:00:00-04:00,318.45,330.49,315.69,325.59,112673800,52.89,1.04,0.28,0.76,338.5,314.95,291.39,314.95,325.55,320.05,14.84,72.08,52.1
2025-07-29 00:00:00-04:00,325.55,326.25,318.25,321.2,87358900,50.91,1.04,0.43,0.61,338.81,315.12,291.43,315.12,325.12,320.43,14.35,55.79,59.5
2025-07-30 00:00:00-04:00,322.18,324.45,311.62,319.04,83931900,49.92,0.86,0.52,0.34,338.78,316.04,293.29,316.04,324.5,320.82,14.24,49.56,59.14
2025-07-31 00:00:00-04:00,319.61,321.37,306.1,308.27,85270900,45.2,-0.15,0.38,-0.53,338.68,315.67,292.66,315.67,323.82,321.17,14.31,20.91,42.09
2025-08-01 00:00:00-04:00,306.21,309.31,297.82,302.63,89121400,42.92,-1.39,0.03,-1.42,338.77,315.03,291.3,315.03,323.0,321.59,14.11,11.97,27.48
2025-08-04 00:00:00-04:00,309.08,312.12,303.0,309.26,78683900,46.35,-1.81,-0.34,-1.48,337.58,315.8,294.02,315.8,322.49,322.04,13.78,28.47,20.45
2025-08-05 00:00:00-04:00,308.95,312.45,305.5,308.72,57961300,46.11,-2.17,-0.71,-1.47,336.73,316.35,295.96,316.35,321.84,322.49,13.29,27.13,22.52
2025-08-06 00:00:00-04:00,307.89,320.47,306.93,319.91,78523600,51.76,-1.53,-0.87,-0.66,335.55,317.55,299.55,317.55,321.46,322.98,13.31,54.98,36.86
2025-08-07 00:00:00-04:00,319.79,322.4,316.16,322.27,66658700,52.88,-0.83,-0.86,0.04,335.9,318.17,300.43,318.17,320.64,323.49,12.81,60.85,47.65
2025-08-08 00:00:00-04:00,321.43,335.15,320.98,329.65,91200300,56.31,0.32,-0.62,0.95,337.28,318.97,300.67,318.97,320.1,324.03,12.9,82.93,66.25
2025-08-11 00:00:00-04:00,335.0,346.64,334.15,339.03,105320200,60.26,1.97,-0.11,2.08,340.42,320.08,299.74,320.08,319.71,324.63,13.2,84.41,76.07
2025-08-12 00:00:00-04:00,345.0,345.26,332.94,340.84,80522100,60.99,3.38,0.59,2.79,343.42,321.58,299.75,321.58,319.6,325.25,13.13,88.12,85.16
2025-08-13 00:00:00-04:00,341.5,348.98,338.2,339.38,67838900,60.03,4.33,1.34,2.99,345.71,322.47,299.23,322.47,319.53,325.88,12.97,81.24,84.59
2025-08-14 00:00:00-04:00,335.76,340.47,330.4,335.58,75000700,57.49,4.73,2.02,2.71,347.18,323.28,299.37,323.28,319.36,326.25,12.76,73.81,81.05
2025-08-15 00:00:00-04:00,337.66,339.3,327.02,330.56,74319800,54.22,4.58,2.53,2.05,347.28,323.32,299.36,323.32,319.33,326.56,12.72,64.0,73.01
2025-08-18 00:00:00-04:00,329.62,336.27,329.59,335.16,56956600,56.65,4.78,2.98,1.8,348.1,323.66,299.21,323.66,320.34,326.92,12.29,72.99,70.26
2025-08-19 00:00:00-04:00,335.79,340.55,327.85,329.31,75956000,52.81,4.41,3.27,1.15,347.79,323.52,299.24,323.52,321.02,327.27,12.32,61.55,66.18
2025-08-20 00:00:00-04:00,329.22,331.37,314.6,323.9,77481800,49.47,3.65,3.34,0.3,346.98,323.08,299.18,323.08,321.33,327.6,12.64,50.98,61.84
2025-08-21 00:00:00-04:00,322.08,324.9,318.68,320.11,55744400,47.22,2.7,3.21,-0.51,346.28,323.82,301.37,323.82,321.21,327.95,12.18,37.21,49.91
2025-08-22 00:00:00-04:00,321.66,340.25,319.69,340.01,94016300,58.03,3.52,3.28,0.24,348.27,325.02,301.77,325.02,321.48,328.41,12.78,79.37,55.85
2025-08-25 00:00:00-04:00,338.9,349.53,335.03,346.6,86670000,60.89,4.64,3.55,1.09,351.25,326.07,300.89,326.07,322.03,328.93,12.9,93.12,69.9
2025-08-26 00:00:00-04:00,344.93,351.9,343.72,351.67,76651600,62.97,5.88,4.01,1.86,355.11,327.59,300.08,327.59,322.56,329.43,12.57,99.38,90.63
2025-08-27 00:00:00-04:00,351.94,355.39,349.16,349.6,65519000,61.53,6.61,4.53,2.08,358.0,329.12,300.25,329.12,322.97,329.73,12.11,85.81,92.77
2025-08-28 00:00:00-04:00,350.91,353.55,340.26,345.98,67903200,58.98,6.82,4.99,1.83,359.06,331.01,302.95,331.01,323.56,329.98,12.2,76.93,87.37
2025-08-29 00:00:00-04:00,347.23,348.75,331.7,333.87,81145700,51.33,5.94,5.18,0.76,357.25,332.57,307.89,332.57,323.79,330.04,12.54,47.24,69.99
2025-09-02 00:00:00-04:00,328.23,333.33,325.6,329.36,58392000,48.79,4.83,5.11,-0.28,355.77,333.58,311.38,333.58,323.94,329.94,12.24,36.19,53.45
2025-09-03 00:00:00-04:00,335.2,343.33,328.51,334.09,88733300,51.5,4.27,4.94,-0.67,353.71,334.84,315.98,334.84,323.65,329.97,12.42,47.78,43.74
2025-09-04 00:00:00-04:00,336.15,338.89,331.48,338.53,60711000,53.96,4.15,4.78,-0.64,353.33,335.78,318.22,335.78,323.61,330.01,12.06,58.67,47.54
2025-09-05 00:00:00-04:00,348.0,355.87,344.68,350.84,108989800,60.02,4.98,4.82,0.16,354.78,337.2,319.63,337.2,324.07,330.21,12.44,87.81,64.75
2025-09-08 00:00:00-04:00,354.64,358.44,344.84,346.4,75208300,57.1,5.23,4.9,0.32,355.7,338.04,320.39,338.04,324.49,330.33,12.52,72.54,73.0
2025-09-09 00:00:00-04:00,348.44,350.77,343.82,346.97,53816000,57.39,5.4,5.0,0.4,356.54,338.44,320.34,338.44,324.95,330.38,12.13,73.84,78.06
2025-09-10 00:00:00-04:00,350.55,356.33,346.07,347.79,72121700,57.83,5.55,5.11,0.43,357.34,338.79,320.23,338.79,325.56,330.38,11.99,73.21,73.2
2025-09-11 00:00:00-04:00,350.17,368.99,347.6,368.81,103756000,67.12,7.27,5.54,1.73,363.17,340.26,317.35,340.26,326.92,330.52,12.66,99.63,82.23
2025-09-12 00:00:00-04:00,370.94,396.69,370.24,395.94,168156400,74.84,10.7,6.58,4.13,376.96,343.28,309.59,343.28,328.52,330.8,13.75,98.94,90.6
2025-09-15 00:00:00-04:00,423.13,425.7,402.43,410.04,163823700,77.76,14.4,8.14,6.26,391.66,347.25,302.84,347.25,330.42,331.09,14.89,84.36,94.31
2025-09-16 00:00:00-04:00,414.5,423.25,411.43,421.62,104285700,79.83,18.05,10.12,7.93,406.6,351.57,296.55,351.57,332.97,331.5,14.77,95.92,93.07
2025-09-17 00:00:00-04:00,415.75,428.31,409.67,425.86,106133500,80.54,21.04,12.31,8.74,419.54,356.4,293.26,356.4,335.53,331.94,15.05,97.61,92.63
2025-09-18 00:00:00-04:00,428.87,432.22,416.56,416.85,90454500,74.5,22.43,14.33,8.1,427.7,361.05,294.39,361.05,337.95,332.36,15.09,85.58,93.04
2025-09-19 00:00:00-04:00,421.82,429.47,421.72,426.07,93131000,76.45,24.0,16.26,7.73,436.07,366.34,296.62,366.34,340.28,332.77,14.92,94.23,92.48
2025-09-22 00:00:00-04:00,431.11,444.98,429.13,434.21,97108800,78.04,25.6,18.13,7.47,445.84,371.05,296.27,371.05,342.69,333.15,15.2,90.75,90.19
2025-09-23 00:00:00-04:00,439.88,440.97,423.72,425.85,83422700,72.61,25.9,19.68,6.21,452.69,375.02,297.35,375.02,344.87,333.52,15.35,83.15,89.38
2025-09-24 00:00:00-04:00,429.83,444.21,429.03,442.79,93133600,76.22,27.19,21.19,6.0,462.02,379.57,297.13,379.57,347.51,333.95,15.56,97.84,90.58
2025-09-25 00:00:00-04:00,435.24,435.35,419.08,423.39,96746400,65.56,26.34,22.22,4.12,466.66,383.26,299.87,383.26,349.54,334.22,16.15,78.66,86.55
2025-09-26 00:00:00-04:00,428.3,440.47,421.02,440.4,101628200,69.58,26.73,23.12,3.61,473.16,387.98,302.8,387.98,351.96,334.47,16.38,95.47,90.66
2025-09-29 00:00:00-04:00,444.35,450.98,439.5,443.21,79491500,70.2,26.96,23.89,3.07,478.04,393.45,308.86,393.45,354.23,334.74,16.03,92.59,88.91
2025-09-30 00:00:00-04:00,441.52,445.0,433.12,444.72,74358000,70.54,26.95,24.5,2.45,481.1,399.22,317.34,399.22,356.56,334.96,15.73,93.94,94.0
2025-10-01 00:00:00-04:00,443.8,462.29,440.75,459.46,98122300,73.75,27.81,25.16,2.65,485.55,405.49,325.43,405.49,359.11,335.13,16.15,96.93,94.49
2025-10-02 00:00:00-04:00,470.54,470.75,435.57,436.0,137009000,62.15,26.3,25.39,0.91,484.94,410.36,335.78,410.36,361.17,335.22,17.51,49.14,80.0
2025-10-03 00:00:00-04:00,443.29,446.77,416.58,429.83,133188200,59.5,24.32,25.18,-0.85,483.81,414.31,344.81,414.31,363.66,335.19,18.41,33.01,59.69
2025-10-06 00:00:00-04:00,440.75,453.55,436.69,453.25,85324900,65.51,24.37,25.01,-0.65,483.36,419.65,355.95,419.65,366.41,335.14,18.79,71.35,51.16
2025-10-07 00:00:00-04:00,447.82,452.68,432.45,433.09,102296100,57.58,22.51,24.51,-2.0,477.86,423.96,370.05,423.96,368.56,334.91,18.94,30.5,44.95
2025-10-08 00:00:00-04:00,437.57,441.33,425.23,438.69,71192100,59.07,21.25,23.86,-2.61,469.04,428.5,387.97,428.5,370.91,334.9,18.73,40.82,47.56
2025-10-09 00:00:00-04:00,431.81,436.35,426.18,435.54,69339900,57.84,19.77,23.04,-3.27,461.11,431.84,402.57,431.84,373.24,334.9,18.29,35.0,35.44
2025-10-10 00:00:00-04:00,436.54,443.13,411.45,413.49,112107900,50.03,16.62,21.76,-5.14,458.27,432.72,407.17,432.72,375.34,334.86,19.25,3.44,26.42
2025-10-13 00:00:00-04:00,423.53,436.89,419.7,435.9,79552800,56.46,15.76,20.56,-4.8,457.24,434.01,410.78,434.01,378.01,334.88,19.54,41.23,26.56
2025-10-14 00:00:00-04:00,426.79,434.2,417.86,429.24,72669400,54.23,14.37,19.32,-4.95,457.01,434.39,411.78,434.39,380.41,334.72,19.44,30.0,24.89
2025-10-15 00:00:00-04:00,434.9,440.51,426.33,435.15,71558200,55.9,13.59,18.17,-4.59,457.11,434.86,412.6,434.86,382.94,334.62,19.06,39.97,37.07
2025-10-16 00:00:00-04:00,434.73,439.35,421.31,428.75,77189900,53.62,12.31,17.0,-4.69,456.27,435.45,414.63,435.45,385.11,334.61,18.99,29.17,33.05
2025-10-17 00:00:00-04:00,425.5,441.46,423.6,439.31,89331600,56.75,12.01,16.0,-3.99,456.51,436.11,415.71,436.11,387.45,334.72,18.91,46.98,38.71
2025-10-20 00:00:00-04:00,443.87,449.8,440.61,447.43,63719000,59.04,12.29,15.26,-2.97,457.76,436.77,415.78,436.77,389.81,334.94,18.31,60.67,45.61
2025-10-21 00:00:00-04:00,445.76,449.3,442.05,442.6,54412200,57.11,11.98,14.6,-2.62,458.1,437.61,417.13,437.61,391.88,335.25,17.52,52.53,53.4
2025-10-22 00:00:00-04:00,443.45,445.54,429.0,438.97,84023500,55.63,11.31,13.95,-2.63,457.77,437.42,417.07,437.42,393.84,335.4,17.45,65.37,59.52
2025-10-23 00:00:00-04:00,420.0,449.4,413.9,448.98,126709800,58.79,11.46,13.45,-1.99,458.55,438.7,418.85,438.7,396.04,335.59,18.74,89.14,69.01
2025-10-24 00:00:00-04:00,446.83,451.68,430.17,433.72,94727800,52.63,10.23,12.8,-2.58,458.32,438.37,418.41,438.37,398.0,335.78,18.93,54.01,69.51
2025-10-27 00:00:00-04:00,439.98,460.16,438.69,452.42,105867500,58.39,10.63,12.37,-1.74,459.66,438.83,418.0,438.83,400.44,336.07,19.47,84.11,75.76
2025-10-28 00:00:00-04:00,454.78,467.0,451.6,460.55,80185700,60.63,11.48,12.19,-0.71,462.49,439.62,416.74,439.62,402.94,336.4,19.18,88.39,75.5
2025-10-29 00:00:00-04:00,462.5,465.7,452.65,461.51,67983500,60.9,12.09,12.17,-0.08,462.99,439.72,416.46,439.72,405.59,336.69,18.74,90.12,87.54
2025-10-30 00:00:00-04:00,451.05,455.06,439.61,440.1,72447900,52.34,10.72,11.88,-1.16,463.13,439.93,416.73,439.93,407.91,336.91,18.97,49.34,75.95
2025-10-31 00:00:00-04:00,446.75,458.0,443.69,456.56,83135800,57.31,10.84,11.68,-0.83,465.08,441.26,417.44,441.26,410.64,337.05,18.89,80.34,73.27
2025-11-03 00:00:00-05:00,455.99,474.07,453.8,468.37,84595200,60.49,11.76,11.69,0.06,468.28,442.02,415.76,442.02,413.21,337.32,18.99,90.53,73.4
2025-11-04 00:00:00-05:00,454.46,460.22,443.6,444.26,87756600,51.98,10.41,11.44,-1.02,468.51,442.58,416.64,442.58,415.16,337.41,19.4,50.46,73.77
2025-11-05 00:00:00-05:00,452.05,466.33,440.71,462.07,85573000,56.81,10.66,11.28,-0.62,471.01,443.75,416.48,443.75,417.37,337.6,19.85,80.06,73.68
2025-11-06 00:00:00-05:00,461.96,467.45,435.09,445.91,109622900,51.72,9.45,10.91,-1.47,471.27,444.26,417.26,444.26,419.29,337.76,20.74,53.2,61.24
2025-11-07 00:00:00-05:00,437.92,439.36,421.88,429.52,103471500,47.11,7.08,10.15,-3.07,469.0,445.07,421.13,445.07,420.97,337.84,20.98,25.96,53.07
2025-11-10 00:00:00-05:00,439.6,449.67,433.36,445.23,76515900,51.57,6.4,9.4,-3.0,469.08,445.53,421.99,445.53,423.19,338.04,20.92,52.07,43.74
2025-11-11 00:00:00-05:00,439.4,442.49,432.36,439.62,60533200,49.95,5.35,8.59,-3.24,468.52,446.05,423.59,446.05,425.4,338.25,20.34,42.75,40.26
2025-11-12 00:00:00-05:00,442.15,442.33,426.56,430.6,58513500,47.38,3.74,7.62,-3.88,468.84,445.82,422.81,445.82,427.33,338.41,20.02,16.71,37.17
2025-11-13 00:00:00-05:00,423.13,424.5,396.34,401.99,118948000,40.28,0.15,6.13,-5.97,473.9,444.49,415.07,444.49,428.6,338.48,21.03,7.27,22.24
2025-11-14 00:00:00-05:00,386.3,412.19,382.78,404.35,105506700,41.07,-2.47,4.41,-6.87,477.17,442.74,408.3,442.74,429.67,338.5,21.63,23.63,15.87
2025-11-17 00:00:00-05:00,398.74,423.96,398.74,408.92,102214300,42.64,-4.13,2.7,-6.83,478.31,440.81,403.31,440.81,430.92,338.52,21.89,28.63,19.84
2025-11-18 00:00:00-05:00,405.38,408.9,393.71,401.25,80688600,40.68,-5.99,0.96,-6.96,480.18,438.74,397.31,438.74,432.0,338.6,21.41,20.23,24.16
2025-11-19 00:00:00-05:00,406.18,411.78,398.5,403.99,72047700,41.71,-7.17,-0.66,-6.5,481.25,437.0,392.74,437.0,433.13,338.66,20.83,23.23,24.03
2025-11-20 00:00:00-05:00,414.63,428.94,394.74,395.23,113548800,39.36,-8.71,-2.27,-6.43,481.9,434.31,386.71,434.31,433.66,338.75,21.78,13.64,19.03
2025-11-21 00:00:00-05:00,402.32,402.8,383.76,391.09,100460600,38.26,-10.14,-3.85,-6.3,483.55,432.18,380.8,432.18,433.56,338.83,21.59,9.81,15.56
2025-11-24 00:00:00-05:00,402.17,421.72,401.09,417.78,96806400,48.28,-9.02,-4.88,-4.14,481.28,430.44,379.61,430.44,433.71,339.11,22.23,41.34,21.6
2025-11-25 00:00:00-05:00,414.42,420.48,405.95,419.4,71915600,48.82,-7.91,-5.49,-2.43,477.39,428.39,379.39,428.39,433.67,339.46,21.68,43.25,31.47
2025-11-26 00:00:00-05:00,423.95,426.94,416.89,426.58,63463000,51.27,-6.38,-5.67,-0.71,473.09,426.64,380.19,426.64,433.68,339.95,20.85,65.48,50.02
2025-11-28 00:00:00-05:00,426.59,432.93,426.2,430.17,36252900,52.49,-4.82,-5.5,0.68,472.2,426.14,380.09,426.14,433.95,340.42,19.84,70.85,59.86
2025-12-01 00:00:00-05:00,425.32,433.66,425.29,430.14,57463600,52.47,-3.55,-5.11,1.56,468.67,424.82,380.98,424.82,434.03,340.79,19.02,79.32,71.88
2025-12-02 00:00:00-05:00,430.81,436.8,422.12,429.24,69336600,52.1,-2.58,-4.6,2.02,461.74,422.87,383.99,422.87,433.93,341.15,18.71,78.02,76.06
2025-12-03 00:00:00-05:00,432.1,447.92,431.11,446.74,87483000,58.39,-0.4,-3.76,3.36,462.17,422.99,383.81,422.99,434.35,341.62,18.71,98.19,85.17
2025-12-04 00:00:00-05:00,449.94,454.63,445.39,454.53,71906500,60.86,1.94,-2.62,4.56,460.33,422.61,384.9,422.61,434.58,342.09,18.04,99.86,92.02
2025-12-05 00:00:00-05:00,453.03,458.87,451.66,455.0,56427500,61.01,3.78,-1.34,5.12,462.16,423.07,383.98,423.07,435.22,342.59,17.26,94.85,97.63
2025-12-08 00:00:00-05:00,447.45,449.75,435.25,439.58,69165800,53.73,3.96,-0.28,4.24,463.26,423.57,383.88,423.57,435.2,343.1,17.44,74.32,89.68
2025-12-09 00:00:00-05:00,437.54,452.39,435.7,445.17,62367400,55.79,4.49,0.67,3.82,463.26,423.57,383.88,423.57,435.24,343.67,17.39,81.76,83.64
2025-12-10 00:00:00-05:00,446.07,456.88,443.61,451.45,63257500,58.05,5.36,1.61,3.75,465.18,424.16,383.14,424.16,435.37,344.42,17.09,90.12,82.07
2025-12-11 00:00:00-05:00,448.95,449.27,440.33,446.89,55979500,55.82,5.62,2.41,3.21,467.17,424.97,382.78,424.97,435.12,345.2,16.67,84.05,85.31
2025-12-12 00:00:00-05:00,448.09,463.01,441.67,458.96,95656700,60.18,6.72,3.27,3.45,471.16,427.82,384.49,427.82,435.58,346.08,17.0,93.46,89.21
2025-12-15 00:00:00-05:00,469.44,481.77,467.66,475.31,114542200,65.19,8.81,4.38,4.43,478.1,431.37,384.64,431.37,436.49,346.99,17.41,91.48,89.66
2025-12-16 00:00:00-05:00,472.21,491.5,465.83,489.88,107608100,68.95,11.51,5.81,5.7,487.66,435.42,383.18,435.42,437.22,348.02,18.0,97.83,94.26
2025-12-17 00:00:00-05:00,488.22,495.28,466.2,467.26,106490400,58.42,11.69,6.98,4.7,490.21,438.72,387.23,438.72,437.91,348.99,18.8,61.7,83.67
2025-12-18 00:00:00-05:00,478.16,490.86,473.12,483.37,95168400,62.78,12.98,8.18,4.8,495.13,442.69,390.24,442.69,438.8,350.02,19.14,83.72,81.08
2025-12-19 00:00:00-05:00,488.12,490.49,474.72,481.2,103305400,61.84,13.67,9.28,4.39,497.1,446.99,396.88,446.99,439.71,351.1,18.9,80.75,75.39
2025-12-22 00:00:00-05:00,489.88,498.83,485.33,488.73,86916100,63.86,14.66,10.36,4.3,497.91,451.87,405.83,451.87,441.22,352.24,18.81,85.09,83.19
2025-12-23 00:00:00-05:00,489.4,491.97,482.84,485.56,58223600,62.36,15.01,11.29,3.72,500.71,455.26,409.81,455.26,442.21,353.55,18.12,79.13,81.66
2025-12-24 00:00:00-05:00,488.48,490.9,476.8,485.4,41285400,62.28,15.1,12.05,3.05,502.61,458.56,414.51,458.56,443.34,354.83,17.83,78.88,81.03
2025-12-26 00:00:00-05:00,485.23,489.09,473.82,475.19,58780700,57.27,14.19,12.48,1.71,502.92,460.99,419.06,460.99,444.14,355.96,17.65,62.82,73.61
2025-12-29 00:00:00-05:00,469.0,469.4,459.0,459.64,66263000,50.58,12.07,12.4,-0.33,501.83,462.46,423.1,462.46,444.75,357.06,17.54,37.92,59.87
2025-12-30 00:00:00-05:00,461.09,463.12,453.83,454.43,59238500,48.54,9.86,11.89,-2.03,500.24,463.68,427.11,463.68,445.06,358.08,16.95,24.1,41.61
2025-12-31 00:00:00-05:00,456.1,456.55,449.3,449.72,49078000,46.7,7.64,11.04,-3.4,498.23,464.7,431.18,464.7,445.1,359.14,16.26,16.05,26.03
2026-01-02 00:00:00-05:00,457.8,458.34,435.3,438.07,85535400,42.43,4.88,9.81,-4.93,498.97,464.27,429.56,464.27,445.01,360.2,16.74,4.36,14.84
2026-01-05 00:00:00-05:00,447.99,457.55,444.57,451.67,67940800,48.37,3.75,8.6,-4.85,499.02,464.12,429.23,464.12,445.27,361.28,16.94,25.77,15.39
2026-01-06 00:00:00-05:00,446.38,448.25,428.78,432.96,89093800,41.95,1.33,7.14,-5.81,500.44,463.02,425.61,463.02,444.95,362.26,17.36,5.97,12.03
2026-01-07 00:00:00-05:00,435.9,438.37,431.29,431.41,59828800,41.46,-0.71,5.57,-6.28,501.26,462.61,423.96,462.61,444.9,363.18,16.63,3.75,11.83
2026-01-08 00:00:00-05:00,427.89,436.89,424.37,435.8,57041100,43.48,-1.94,4.07,-6.01,501.9,462.14,422.39,462.14,444.57,363.96,16.34,15.35,8.36
2026-01-09 00:00:00-05:00,435.95,449.05,430.39,445.01,67331500,47.56,-2.16,2.82,-4.98,502.04,461.82,421.61,461.82,444.26,364.75,16.5,27.72,15.61
2026-01-12 00:00:00-05:00,441.23,454.3,438.0,448.96,61649600,49.25,-1.98,1.86,-3.85,501.99,461.93,421.86,461.93,444.01,365.63,16.49,33.02,25.36
2026-01-13 00:00:00-05:00,450.2,451.81,443.95,447.2,53719200,48.5,-1.96,1.1,-3.06,501.93,461.34,420.75,461.34,444.15,366.5,15.87,33.77,31.51
2026-01-14 00:00:00-05:00,442.81,443.91,434.22,439.2,57259500,45.13,-2.57,0.36,-2.93,500.71,459.53,418.35,459.53,443.8,367.38,15.67,22.29,29.7
2026-01-15 00:00:00-05:00,441.13,445.36,437.65,438.57,49465800,44.87,-3.06,-0.32,-2.74,496.55,456.97,417.38,456.97,443.2,368.28,15.1,21.94,26.0
2026-01-16 00:00:00-05:00,439.5,447.25,435.26,437.5,60220600,44.39,-3.49,-0.96,-2.54,495.67,455.48,415.29,455.48,443.07,369.12,14.87,29.16,24.46
2026-01-20 00:00:00-05:00,429.36,430.73,417.44,419.25,63187300,37.16,-5.25,-1.81,-3.44,493.31,452.27,411.23,452.27,442.21,369.81,15.25,3.96,18.35
2026-01-21 00:00:00-05:00,421.66,438.2,419.62,431.44,68124000,43.75,-5.6,-2.57,-3.03,489.45,449.79,410.12,449.79,441.92,370.63,15.51,34.23,22.45
2026-01-22 00:00:00-05:00,435.16,449.5,432.63,449.36,71546700,51.76,-4.37,-2.93,-1.44,483.0,447.82,412.63,447.82,442.32,371.68,15.69,78.04,38.75
2026-01-23 00:00:00-05:00,447.43,452.43,444.04,449.06,56771400,51.63,-3.39,-3.02,-0.37,476.39,445.99,415.59,445.99,442.4,372.76,15.17,78.83,63.7
2026-01-26 00:00:00-05:00,445.0,445.04,434.28,435.2,49397400,45.8,-3.69,-3.16,-0.53,467.88,443.48,419.08,443.48,442.31,373.82,15.14,48.18,68.35
2026-01-27 00:00:00-05:00,437.41,437.52,430.69,430.9,37733100,44.13,-4.22,-3.37,-0.85,461.18,441.27,421.36,441.27,442.31,374.62,14.55,36.52,54.51
2026-01-28 00:00:00-05:00,431.91,438.26,430.1,431.46,54857400,44.41,-4.54,-3.6,-0.94,458.22,439.86,421.5,439.86,442.9,375.51,14.09,38.04,40.91
2026-01-29 00:00:00-05:00,437.8,440.23,414.62,416.56,81686100,38.77,-5.94,-4.07,-1.87,457.76,437.96,418.17,437.96,443.15,376.33,14.92,4.89,26.48
2026-01-30 00:00:00-05:00,425.35,439.88,422.7,430.41,82626100,45.68,-5.85,-4.43,-1.43,456.25,437.0,417.75,437.0,443.58,377.22,15.52,39.79,27.57
2026-02-02 00:00:00-05:00,421.29,427.15,414.5,421.81,58739500,42.47,-6.41,-4.82,-1.58,456.59,436.19,415.78,436.19,443.99,378.06,15.54,19.27,21.32
2026-02-03 00:00:00-05:00,424.27,428.56,413.69,421.96,56886500,42.55,-6.76,-5.21,-1.55,454.68,434.7,414.72,434.7,444.35,378.96,15.5,21.35,26.8
2026-02-04 00:00:00-05:00,420.46,423.9,399.18,406.01,74606900,36.98,-8.23,-5.81,-2.41,457.1,433.35,409.6,433.35,444.56,379.79,16.15,12.83,17.82
2026-02-05 00:00:00-05:00,397.02,402.1,387.53,397.21,72819800,34.31,-9.99,-6.65,-3.34,460.38,431.64,402.9,431.64,444.69,380.64,16.32,14.92,16.36
2026-02-06 00:00:00-05:00,400.87,414.55,397.75,411.11,62677100,41.49,-10.14,-7.35,-2.8,460.49,430.41,400.33,430.41,444.55,381.5,16.39,36.33,21.36
2026-02-09 00:00:00-05:00,409.91,421.25,407.29,417.32,54484300,44.42,-9.65,-7.81,-1.85,458.82,429.02,399.23,429.02,444.51,382.33,16.22,45.9,32.38
2026-02-10 00:00:00-05:00,418.08,427.25,417.0,425.21,64450200,47.98,-8.53,-7.95,-0.58,456.14,427.84,399.53,427.84,444.48,383.16,15.79,58.06,46.76
2026-02-11 00:00:00-05:00,427.96,436.35,420.03,428.27,57362000,49.33,-7.31,-7.82,0.51,453.7,426.89,400.08,426.89,444.45,383.88,15.83,62.77,55.58
2026-02-12 00:00:00-05:00,430.3,436.23,414.0,417.07,61933400,44.74,-7.16,-7.69,0.53,452.28,425.78,399.29,425.78,444.18,384.53,16.29,51.36,57.4
2026-02-13 00:00:00-05:00,414.31,424.06,410.88,417.44,51434100,44.92,-6.94,-7.54,0.6,450.75,424.73,398.7,424.73,443.95,385.16,16.07,56.76,56.96
2026-02-17 00:00:00-05:00,412.36,413.72,400.51,410.63,59678800,42.16,-7.22,-7.48,0.25,449.41,423.38,397.36,423.38,443.23,385.8,16.13,43.83,50.65
2026-02-18 00:00:00-05:00,411.11,416.9,409.58,411.32,45921400,42.55,-7.31,-7.44,0.13,449.51,422.99,396.46,422.99,442.36,386.46,15.5,45.14,48.58
2026-02-19 00:00:00-05:00,407.25,415.25,404.11,411.71,51019600,42.78,-7.27,-7.41,0.14,448.67,422.0,395.33,422.0,441.5,387.08,15.19,46.19,45.05
2026-02-20 00:00:00-05:00,408.3,414.7,405.5,411.82,57912200,42.85,-7.14,-7.36,0.22,443.8,420.12,396.44,420.12,440.94,387.74,14.76,49.75,47.03
2026-02-23 00:00:00-05:00,407.29,407.7,394.04,399.83,69680000,37.47,-7.91,-7.47,-0.45,438.77,417.66,396.55,417.66,440.03,388.36,14.98,25.19,40.38
2026-02-24 00:00:00-05:00,399.5,410.82,397.64,409.38,58579500,43.55,-7.67,-7.51,-0.16,436.08,416.37,396.67,416.37,439.19,389.03,14.85,44.76,39.9
2026-02-25 00:00:00-05:00,412.15,420.34,412.15,417.4,54809700,48.11,-6.75,-7.36,0.61,434.19,415.7,397.2,415.7,438.6,389.69,14.57,61.18,43.71
2026-02-26 00:00:00-05:00,414.42,416.81,403.66,408.58,53602500,43.91,-6.66,-7.22,0.56,431.73,414.55,397.38,414.55,437.6,390.24,14.51,34.37,46.77
2026-02-27 00:00:00-05:00,402.94,407.12,398.11,402.51,56890100,41.24,-6.99,-7.17,0.18,431.81,413.85,395.89,413.85,436.14,390.66,14.22,20.02,38.52
2026-03-02 00:00:00-05:00,390.6,404.54,388.25,403.32,55088300,41.75,-7.11,-7.16,0.05,429.24,412.5,395.75,412.5,434.41,391.01,14.37,31.33,28.57
2026-03-03 00:00:00-05:00,395.09,396.34,385.39,392.43,62617300,37.09,-7.99,-7.33,-0.67,429.41,411.03,392.64,411.03,432.91,391.23,14.62,13.81,21.72
2026-03-04 00:00:00-05:00,397.85,408.33,394.58,405.94,68305500,45.25,-7.51,-7.36,-0.15,427.99,410.23,392.46,410.23,431.36,391.55,14.71,40.42,28.52
2026-03-05 00:00:00-05:00,401.57,408.62,399.42,405.55,51925900,45.07,-7.08,-7.31,0.22,427.99,410.2,392.42,410.2,429.85,391.83,14.32,52.13,35.46
2026-03-06 00:00:00-05:00,398.09,402.35,394.21,396.73,64054600,41.05,-7.37,-7.32,-0.05,428.04,410.18,392.32,410.18,428.01,392.1,14.11,32.45,41.67
2026-03-09 00:00:00-04:00,390.05,401.59,381.4,398.68,67018900,42.28,-7.35,-7.33,-0.03,428.13,409.56,390.98,409.56,426.27,392.37,14.54,44.38,42.99
2026-03-10 00:00:00-04:00,402.22,406.59,398.19,399.24,59258700,42.65,-7.21,-7.3,0.09,427.4,408.65,389.91,408.65,424.55,392.7,14.1,45.81,40.88
2026-03-11 00:00:00-04:00,402.28,416.38,402.15,407.82,62559900,48.11,-6.34,-7.11,0.77,424.83,407.78,390.74,407.78,423.2,393.03,14.32,67.85,52.68
2026-03-12 00:00:00-04:00,405.18,406.5,394.65,395.01,60973800,41.72,-6.6,-7.01,0.41,421.12,406.12,391.12,406.12,421.91,393.31,14.24,34.95,49.54
2026-03-13 00:00:00-04:00,399.17,400.2,389.95,391.2,58504100,40.02,-7.03,-7.01,-0.02,420.3,404.83,389.35,404.83,420.64,393.45,13.95,25.17,42.66
2026-03-16 00:00:00-04:00,396.22,403.73,394.42,395.56,58068300,42.89,-6.95,-7.0,0.05,418.53,403.73,388.93,403.73,419.56,393.64,13.85,36.36,32.16
2026-03-17 00:00:00-04:00,395.69,400.12,393.0,399.27,46890500,45.29,-6.5,-6.9,0.4,417.72,403.16,388.61,403.16,418.79,393.85,13.37,50.47,37.33
2026-03-18 00:00:00-04:00,399.0,403.07,392.31,392.78,50853100,41.97,-6.6,-6.84,0.24,416.97,402.24,387.51,402.24,417.61,394.08,13.18,32.53,39.79
2026-03-19 00:00:00-04:00,387.27,387.27,378.73,380.3,67078300,36.43,-7.59,-6.99,-0.6,417.67,400.67,383.67,400.67,416.55,394.27,13.25,4.17,29.06
2026-03-20 00:00:00-04:00,379.85,379.89,364.46,367.96,78628600,31.94,-9.27,-7.45,-1.82,420.1,398.47,376.85,398.47,415.29,394.39,13.43,6.74,14.48
2026-03-23 00:00:00-04:00,373.09,385.33,372.73,380.85,74606000,40.23,-9.45,-7.85,-1.6,420.53,397.53,374.52,397.53,414.19,394.63,13.71,31.57,14.16
2026-03-24 00:00:00-04:00,376.56,387.48,376.31,383.03,60004900,41.52,-9.31,-8.14,-1.17,419.37,396.21,373.05,396.21,412.95,395.12,13.53,35.77,24.69
2026-03-25 00:00:00-04:00,389.99,396.23,385.01,385.95,55157300,43.29,-8.86,-8.29,-0.58,415.93,394.64,373.34,394.64,411.69,395.57,13.51,41.39,36.24
2026-03-26 00:00:00-04:00,381.6,384.44,371.87,372.11,55522900,37.49,-9.52,-8.53,-0.98,415.29,392.81,370.33,392.81,410.18,395.89,13.55,14.73,30.63
2026-03-27 00:00:00-04:00,369.69,369.86,359.47,361.83,62065700,33.86,-10.74,-8.97,-1.76,416.67,390.78,364.89,390.78,408.64,396.07,13.48,4.15,20.09
2026-03-30 00:00:00-04:00,365.86,367.29,352.14,355.28,67954400,31.75,-12.1,-9.6,-2.5,418.01,388.38,358.74,388.38,406.97,396.22,13.6,4.89,7.92
2026-03-31 00:00:00-04:00,361.51,373.33,361.0,371.75,75534900,41.6,-11.71,-10.02,-1.69,417.81,387.34,356.87,387.34,405.66,396.48,13.92,36.07,15.04
2026-04-01 00:00:00-04:00,378.63,383.14,374.08,381.26,58683800,46.41,-10.51,-10.12,-0.39,415.38,386.11,356.83,386.11,404.9,396.76,13.74,56.45,32.47
2026-04-02 00:00:00-04:00,364.2,370.28,359.03,360.59,83031200,38.91,-11.1,-10.31,-0.79,413.75,383.86,353.97,383.86,403.48,396.92,14.35,16.38,36.3
2026-04-06 00:00:00-04:00,362.59,367.72,346.64,352.82,77697600,36.52,-12.06,-10.66,-1.4,413.93,381.66,349.4,381.66,401.55,397.1,14.83,10.95,27.93
2026-04-07 00:00:00-04:00,346.44,348.02,337.24,346.65,74515400,34.7,-13.16,-11.16,-2.0,413.84,379.06,344.28,379.06,399.5,397.22,14.88,14.29,13.88
2026-04-08 00:00:00-04:00,363.79,364.5,339.67,343.25,78838600,33.7,-14.15,-11.76,-2.39,413.15,376.26,339.37,376.26,397.66,397.33,15.59,10.19,11.81
2026-04-09 00:00:00-04:00,343.15,348.88,337.25,345.62,62164000,35.1,-14.57,-12.32,-2.25,409.32,373.15,336.98,373.15,395.96,397.31,15.31,14.21,12.9
2026-04-10 00:00:00-04:00,346.29,350.36,342.74,348.95,51336000,37.11,-14.47,-12.75,-1.72,407.02,370.85,334.68,370.85,394.31,397.35,14.76,19.85,14.75
2026-04-13 00:00:00-04:00,350.07,356.35,348.57,352.42,53617500,39.23,-13.95,-12.99,-0.96,404.65,368.91,333.18,368.91,393.02,397.48,14.26,25.73,19.93
2026-04-14 00:00:00-04:00,357.67,367.63,354.77,364.2,59979600,45.88,-12.45,-12.88,0.44,400.84,367.34,333.85,367.34,391.7,397.67,14.33,45.7,30.43
2026-04-15 00:00:00-04:00,366.83,394.65,362.5,391.95,113810400,57.64,-8.91,-12.09,3.18,399.14,366.98,334.82,366.98,391.1,398.01,15.6,95.3,55.58
2026-04-16 00:00:00-04:00,393.81,394.06,381.8,388.9,63515100,56.19,-6.28,-10.93,4.65,398.33,366.78,335.24,366.78,390.44,398.37,15.36,89.98,76.99
2026-04-17 00:00:00-04:00,395.92,409.28,391.65,400.62,90640000,60.31,-3.22,-9.39,6.17,402.34,367.8,333.26,367.8,390.33,398.87,15.72,87.98,91.09
2026-04-20 00:00:00-04:00,402.58,406.8,388.33,392.5,64603900,56.36,-1.43,-7.79,6.37,405.3,369.03,332.76,369.03,390.24,399.25,15.92,76.71,84.89
2026-04-21 00:00:00-04:00,393.0,393.95,385.22,386.42,50530600,53.53,-0.49,-6.33,5.84,406.04,369.3,332.57,369.3,389.74,399.61,15.4,68.27,77.65
2026-04-22 00:00:00-04:00,387.57,393.01,385.3,387.51,62362800,53.97,0.33,-5.0,5.33,406.67,369.53,332.39,369.53,389.15,400.07,14.85,69.78,71.59
2026-04-23 00:00:00-04:00,375.28,386.0,368.39,373.72,93969500,47.73,-0.12,-4.02,3.9,405.31,368.92,332.52,368.92,388.12,400.45,15.16,50.64,62.9
2026-04-24 00:00:00-04:00,373.5,382.76,370.73,376.3,62893300,48.92,-0.28,-3.27,3.0,405.65,369.13,332.61,369.13,387.08,400.86,14.94,54.22,58.21
2026-04-27 00:00:00-04:00,372.09,380.78,364.02,378.67,66735800,50.05,-0.2,-2.66,2.46,406.56,369.97,333.38,369.97,386.31,401.2,15.07,57.5,54.12
2026-04-28 00:00:00-04:00,374.68,382.29,372.54,376.02,50864400,48.75,-0.35,-2.2,1.85,407.01,371.01,335.0,371.01,385.48,401.51,14.69,53.82,55.18
2026-04-29 00:00:00-04:00,375.4,376.4,370.04,372.8,45384800,47.16,-0.72,-1.9,1.18,407.07,371.06,335.04,371.06,384.73,401.79,14.09,45.18,52.17
2026-04-30 00:00:00-04:00,372.75,384.75,368.17,381.63,51076000,51.81,-0.3,-1.58,1.28,407.11,371.08,335.04,371.08,384.13,402.15,14.27,54.46,51.15
2026-05-01 00:00:00-04:00,382.49,397.82,378.8,390.82,65338300,56.14,0.76,-1.11,1.88,409.3,372.59,335.87,372.59,383.71,402.49,14.61,66.13,55.26
2026-05-04 00:00:00-04:00,390.23,394.64,384.8,392.51,48765100,56.91,1.73,-0.55,2.27,411.08,374.57,338.07,374.57,383.33,402.86,14.27,64.15,61.58
2026-05-05 00:00:00-04:00,395.19,402.12,389.0,389.37,47780600,54.99,2.21,0.0,2.2,411.28,376.71,342.13,376.71,383.12,403.16,14.19,56.01,62.1
2026-05-06 00:00:00-04:00,386.25,401.68,384.02,398.73,53465400,59.39,3.31,0.67,2.64,411.57,379.48,347.4,379.48,382.91,403.51,14.43,76.69,65.62
2026-05-07 00:00:00-04:00,407.48,415.83,402.12,411.79,64294200,64.6,5.18,1.57,3.61,413.8,382.79,351.78,382.79,382.79,403.91,14.62,92.2,74.97
2026-05-08 00:00:00-04:00,416.48,431.2,416.39,428.35,65050000,69.88,7.9,2.83,5.07,419.79,386.76,353.73,386.76,383.19,404.39,14.97,95.76,88.22
2026-05-11 00:00:00-04:00,422.16,449.16,416.8,445.0,78376100,74.06,11.27,4.52,6.75,429.69,391.39,353.09,391.39,384.04,405.08,16.21,95.11,94.36
2026-05-12 00:00:00-04:00,441.41,447.8,422.26,433.45,60569300,67.1,12.86,6.19,6.67,435.26,394.85,354.44,394.85,384.64,405.67,16.88,81.55,90.81
2026-05-13 00:00:00-04:00,436.67,453.4,430.21,445.27,68283200,70.19,14.91,7.93,6.97,443.74,397.52,351.3,397.52,385.7,406.27,17.33,90.9,89.19
2026-05-14 00:00:00-04:00,446.49,451.98,441.16,443.3,46070400,69.02,16.18,9.58,6.6,450.55,400.24,349.93,400.24,386.45,406.88,16.86,88.7,87.05
2026-05-15 00:00:00-04:00,433.98,434.66,422.0,422.24,52688700,57.96,15.32,10.73,4.59,452.58,401.32,350.06,401.32,386.78,407.4,17.18,63.44,81.01
2026-05-18 00:00:00-04:00,419.27,421.13,405.33,409.99,52474200,52.68,13.49,11.28,2.21,453.42,402.19,350.97,402.19,387.04,407.9,17.16,49.07,67.07
2026-05-19 00:00:00-04:00,403.16,405.63,393.63,404.11,46500600,50.3,11.43,11.31,0.12,453.77,403.08,352.39,403.08,387.15,408.41,17.1,42.17,51.56
2026-05-20 00:00:00-04:00,407.6,417.46,406.39,417.26,45294700,55.17,10.74,11.2,-0.46,455.07,404.57,354.06,404.57,387.51,408.95,16.83,51.55,47.6
2026-05-21 00:00:00-04:00,422.18,426.95,412.9,417.85,42636900,55.38,10.12,10.98,-0.86,455.43,406.77,358.12,406.77,387.71,409.5,16.64,48.76,47.49
2026-05-22 00:00:00-04:00,422.67,431.51,420.51,426.01,46104700,58.3,10.17,10.82,-0.65,456.42,409.26,362.1,409.26,388.33,410.03,16.42,60.52,53.61
2026-05-26 00:00:00-04:00,430.26,435.2,426.12,433.59,45658900,60.86,10.7,10.8,-0.1,458.04,412.0,365.96,412.0,389.18,410.58,15.91,71.45,60.24
2026-05-27 00:00:00-04:00,442.89,445.6,435.52,440.36,44656500,63.05,11.53,10.94,0.59,459.64,415.22,370.81,415.22,390.08,411.14,15.63,78.18,70.05
2026-05-28 00:00:00-04:00,437.62,443.96,436.3,442.1,32435000,63.61,12.19,11.19,1.0,459.86,418.69,377.51,418.69,390.93,411.65,15.06,81.09,76.91
2026-05-29 00:00:00-04:00,439.85,441.07,428.14,435.79,45176800,60.04,12.07,11.37,0.7,459.3,421.39,383.49,421.39,391.8,412.13,14.98,70.54,76.6
2026-06-01 00:00:00-04:00,427.49,429.6,415.43,415.88,44937900,50.43,10.24,11.14,-0.9,457.86,422.65,387.43,422.65,392.51,412.51,15.36,37.23,62.95
2026-06-02 00:00:00-04:00,418.22,424.42,413.65,423.74,37596000,53.59,9.32,10.78,-1.45,456.44,424.21,391.98,424.21,393.62,412.95,15.04,50.38,52.71
2026-06-03 00:00:00-04:00,418.7,433.6,416.0,423.7,44500700,53.57,8.49,10.32,-1.83,453.69,425.93,398.16,425.93,394.48,413.42,15.22,51.53,46.38
2026-06-04 00:00:00-04:00,419.84,426.35,417.16,418.45,35323300,51.05,7.33,9.72,-2.39,451.87,426.91,401.95,426.91,395.19,413.83,14.79,47.76,49.89
2026-06-05 00:00:00-04:00,420.5,424.68,388.59,391.0,63420200,40.36,4.14,8.61,-4.46,454.89,425.87,396.86,425.87,395.29,414.14,16.31,4.23,34.51
2026-06-08 00:00:00-04:00,396.33,412.94,394.72,408.95,50328800,48.02,3.03,7.49,-4.46,454.85,424.9,394.96,424.9,396.03,414.57,16.71,35.71,29.23
2026-06-09 00:00:00-04:00,411.03,418.5,384.24,396.68,59940200,43.87,1.15,6.22,-5.08,453.39,422.49,391.58,422.49,396.72,414.95,17.97,20.27,20.07
2026-06-10 00:00:00-04:00,391.54,397.09,380.15,381.59,49695600,39.37,-1.55,4.67,-6.22,455.3,419.89,384.49,419.89,397.25,415.16,17.89,2.2,19.4
2026-06-11 00:00:00-04:00,388.28,399.54,380.66,399.15,45324300,46.28,-2.24,3.29,-5.53,452.02,417.59,383.15,417.59,397.8,415.42,17.96,29.03,17.17
2026-06-12 00:00:00-04:00,399.49,406.68,386.76,406.43,63514500,48.88,-2.17,2.2,-4.37,448.28,415.74,383.21,415.74,398.3,415.69,18.1,40.15,23.79
